id,name,sku,price,regular_price,sale_price,currency,in_stock,categories,permalink,short_description,description,images,local_images
7658,Traditional Thari Wool Shawl For Men,,3200.0,4000.0,3200.0,PKR,True,Shawls for Men &amp; Women | Shawls For Men,https://sindhhandicrafts.com/product/sindhi-shawl-for-men/,,"Sindhi Shawl for Men with Traditional Embroidery Sindhi Thari Embroidery Cultural Pattern Premium Quality Wool Size LxW Approx: 8 ft × 4 ft Perfect for Winter Season Disclaimer– Due to difference in screen settings across devices as well as photographic lighting sources, actual colors of the product might slightly vary compared to how they are visible on your screen.",https://sindhhandicrafts.com/wp-content/uploads/2025/11/winter-shawl-for-men-1a.jpg?v=1762160882 | https://sindhhandicrafts.com/wp-content/uploads/2025/11/winter-shawl-for-men-1b.jpg?v=1762160886,
7545,Luxurious Wool Shawl For Men,,3400.0,4250.0,3400.0,PKR,True,Shawls For Men | Shawls for Men &amp; Women,https://sindhhandicrafts.com/product/pakistani-shawl/,,"Superb Pakistani Shawl for Men 100% Premium Pure Wool Feel: Cloud-Soft, Silky Smooth and Lightweight Size LxW Approx: 8.5 ft × 4.5 ft Enduring Quality Maximum Cold-Weather Warmth Disclaimer– Due to difference in screen settings across devices as well as photographic lighting sources, actual colors of the product might slightly vary compared to how they are visible on your screen.",https://sindhhandicrafts.com/wp-content/uploads/2025/12/Wool-Shawl-for-Men-3aa.jpg?v=1765365896 | https://sindhhandicrafts.com/wp-content/uploads/2025/12/Wool-Shawl-for-Men-3b.jpg?v=1765356008,
7544,Luxurious Wool Shawl For Men,,3400.0,4250.0,3400.0,PKR,True,Shawls For Men | Shawls for Men &amp; Women,https://sindhhandicrafts.com/product/mens-shawl-pakistan/,,"Impressive Mens Shawl Pakistan 100% Premium Pure Wool Feel: Cloud-Soft, Silky Smooth and Lightweight Size LxW Approx: 8.5 ft × 4.5 ft Enduring Quality Maximum Cold-Weather Warmth Disclaimer– Due to difference in screen settings across devices as well as photographic lighting sources, actual colors of the product might slightly vary compared to how they are visible on your screen.",https://sindhhandicrafts.com/wp-content/uploads/2025/12/Wool-Shawl-for-Men-2a.jpg?v=1765355996 | https://sindhhandicrafts.com/wp-content/uploads/2025/12/Wool-Shawl-for-Men-2b.jpg?v=1765356000,
7543,Luxurious Wool Shawl For Men,,3400.0,4250.0,3400.0,PKR,True,Shawls For Men | Shawls for Men &amp; Women,https://sindhhandicrafts.com/product/men-shawl-design/,,"Fabulous Men Shawl Design for Men 100% Premium Pure Wool Feel: Cloud-Soft, Silky Smooth and Lightweight Size LxW Approx: 8.5 ft × 4.5 ft Enduring Quality Maximum Cold-Weather Warmth Disclaimer– Due to difference in screen settings across devices as well as photographic lighting sources, actual colors of the product might slightly vary compared to how they are visible on your screen.",https://sindhhandicrafts.com/wp-content/uploads/2025/12/Wool-Shawl-for-Men-1a.jpg?v=1765355989 | https://sindhhandicrafts.com/wp-content/uploads/2025/12/Wool-Shawl-for-Men-1b.jpg?v=1765355993,
7344,Traditional Thari Wool Shawl For Men,,3200.0,4000.0,3200.0,PKR,False,Shawls for Men &amp; Women | Shawls For Men,https://sindhhandicrafts.com/product/woolen-shawl/,,"Thari Black Woolen Shawl for Men with Sindhi Embroidery Sindhi Thari Embroidery Cultural Pattern Premium Quality Wool Size LxW Approx: 8 ft × 4 ft Perfect for Winter Season Disclaimer– Due to difference in screen settings across devices as well as photographic lighting sources, actual colors of the product might slightly vary compared to how they are visible on your screen.",https://sindhhandicrafts.com/wp-content/uploads/2025/11/Woolen-Shawl-for-Men-1a.jpg?v=1763223016 | https://sindhhandicrafts.com/wp-content/uploads/2025/11/Woolen-Shawl-for-Men-1b.jpg?v=1763223021,
7296,Traditional Thari Wool Shawl For Men,,3200.0,4000.0,3200.0,PKR,True,Shawls for Men &amp; Women | Shawls For Men,https://sindhhandicrafts.com/product/wool-shawl-for-men/,,"Classic Wool Shawl for Men with Traditional Embroidery Sindhi Thari Embroidery Cultural Pattern Premium Quality Wool Size LxW Approx: 8 ft × 4 ft Perfect for Winter Season Disclaimer– Due to difference in screen settings across devices as well as photographic lighting sources, actual colors of the product might slightly vary compared to how they are visible on your screen.",https://sindhhandicrafts.com/wp-content/uploads/2025/11/wool-shawl-for-men-1a.jpg?v=1762160891 | https://sindhhandicrafts.com/wp-content/uploads/2025/11/wool-shawl-for-men-1b.jpg?v=1762160896,
7295,Luxurious Wool Shawl For Men,,3400.0,4250.0,3400.0,PKR,True,Shawls for Men &amp; Women | Shawls For Men,https://sindhhandicrafts.com/product/winter-shawl-for-men/,,"Magnificent Winter Shawl for Men 100% Premium Pure Wool Feel: Cloud-Soft, Silky Smooth and Lightweight Size LxW Approx: 8.5 ft × 4.5 ft Enduring Quality Maximum Cold-Weather Warmth Disclaimer– Due to difference in screen settings across devices as well as photographic lighting sources, actual colors of the product might slightly vary compared to how they are visible on your screen.",https://sindhhandicrafts.com/wp-content/uploads/2025/11/Woolen-Shawl-for-Men-2a.jpg?v=1765300088 | https://sindhhandicrafts.com/wp-content/uploads/2025/11/Woolen-Shawl-for-Men-2b.jpg?v=1765300091,
7294,Traditional Thari Wool Shawl For Men,,3200.0,4000.0,3200.0,PKR,True,Shawls for Men &amp; Women | Shawls For Men,https://sindhhandicrafts.com/product/black-shawl-for-men/,,"Black Shawl for Men with Traditional Embroidery Sindhi Thari Embroidery Cultural Pattern Premium Quality Wool Size LxW Approx: 8 ft × 4 ft Perfect for Winter Season Disclaimer– Due to difference in screen settings across devices as well as photographic lighting sources, actual colors of the product might slightly vary compared to how they are visible on your screen.",https://sindhhandicrafts.com/wp-content/uploads/2025/11/black-shawl-for-men-2a.jpg?v=1763220423 | https://sindhhandicrafts.com/wp-content/uploads/2025/11/black-shawl-for-men-2b.jpg?v=1763220427,
7725,Luxurious Hand Embroidered Pashmina Shawl For Women,,3200.0,4000.0,3200.0,PKR,True,Shawls for Men &amp; Women | Shawls For Women,https://sindhhandicrafts.com/product/hand-embroidered-shawl-for-women/,,"Unique Hand Embroidered Shawl For Women Sui Hand Embroidery Jaal Work Premium Quality Pashmina Size LxW Approx: 2.5 yard × 1.25 ft Perfect for Winter Season Disclaimer– Due to difference in screen settings across devices as well as photographic lighting sources, actual colors of the product might slightly vary compared to how they are visible on your screen.",https://sindhhandicrafts.com/wp-content/uploads/2025/11/Pashmina-Shawl-24b.jpg?v=1767455146 | https://sindhhandicrafts.com/wp-content/uploads/2025/11/Pashmina-Shawl-24a.jpg?v=1767455141,
7724,Luxurious Hand Embroidered Pashmina Shawl For Women,,3200.0,4000.0,3200.0,PKR,False,Shawls for Men &amp; Women | Shawls For Women,https://sindhhandicrafts.com/product/pakistani-shawl-for-women/,,"Classy Pakistani Shawl For Women Sui Hand Embroidery Jaal Work Premium Quality Pashmina Size LxW Approx: 2.5 yard × 1.25 ft Perfect for Winter Season Disclaimer– Due to difference in screen settings across devices as well as photographic lighting sources, actual colors of the product might slightly vary compared to how they are visible on your screen.",https://sindhhandicrafts.com/wp-content/uploads/2025/11/Pashmina-Shawl-23a.jpg?v=1767455186 | https://sindhhandicrafts.com/wp-content/uploads/2025/11/Pashmina-Shawl-23b.jpg?v=1767455192,
7559,Luxurious Hand Embroidered Pashmina Shawl For Women,,3200.0,4000.0,3200.0,PKR,False,Shawls For Women | Shawls for Men &amp; Women,https://sindhhandicrafts.com/product/hand-embroidered-pashmina-shawl/,,"Lovely Hand Embroidered Pashmina Shawl For Women Sui Hand Embroidery Jaal Work Premium Quality Pashmina Size LxW Approx: 2.5 yard × 1.25 ft Perfect for Winter Season Disclaimer– Due to difference in screen settings across devices as well as photographic lighting sources, actual colors of the product might slightly vary compared to how they are visible on your screen.",https://sindhhandicrafts.com/wp-content/uploads/2025/12/Pashmina-Shawl-19a.jpg?v=1765467126 | https://sindhhandicrafts.com/wp-content/uploads/2025/12/Pashmina-Shawl-19b.jpg?v=1765434674,
7558,Luxurious Hand Embroidered Pashmina Shawl For Women,,3200.0,4000.0,3200.0,PKR,True,Shawls For Women | Shawls for Men &amp; Women,https://sindhhandicrafts.com/product/women-shawls-pakistan/,,"Glorious Women Shawls Pakistan Sui Hand Embroidery Jaal Work Premium Quality Pashmina Size LxW Approx: 2.5 yard × 1.25 ft Perfect for Winter Season Disclaimer– Due to difference in screen settings across devices as well as photographic lighting sources, actual colors of the product might slightly vary compared to how they are visible on your screen.",https://sindhhandicrafts.com/wp-content/uploads/2025/12/Pashmina-Shawl-18a.jpg?v=1765434654 | https://sindhhandicrafts.com/wp-content/uploads/2025/12/Pashmina-Shawl-18b.jpg?v=1765434659,
7557,Luxurious Hand Embroidered Pashmina Shawl For Women,,3200.0,4000.0,3200.0,PKR,False,Shawls For Women | Shawls for Men &amp; Women,https://sindhhandicrafts.com/product/women-shawl-design/,,"Aesthetic Women Shawl Design Sui Hand Embroidery Jaal Work Premium Quality Pashmina Size LxW Approx: 2.5 yard × 1.25 ft Perfect for Winter Season Disclaimer– Due to difference in screen settings across devices as well as photographic lighting sources, actual colors of the product might slightly vary compared to how they are visible on your screen.",https://sindhhandicrafts.com/wp-content/uploads/2025/12/Pashmina-Shawl-22a.jpg?v=1767452019 | https://sindhhandicrafts.com/wp-content/uploads/2025/12/Pashmina-Shawl-22_.jpg?v=1767451274,
7536,Luxurious Hand Embroidered Pashmina Shawl For Women,,3400.0,4250.0,3400.0,PKR,False,Shawls For Women | Shawls for Men &amp; Women,https://sindhhandicrafts.com/product/black-shawl-for-women/,,"Dazzling Black Shawl For Women Sui Hand Embroidery Jaal Work Premium Quality Pashmina Size LxW Approx: 2.5 yard × 1.25 ft Perfect for Winter Season Disclaimer– Due to difference in screen settings across devices as well as photographic lighting sources, actual colors of the product might slightly vary compared to how they are visible on your screen.",https://sindhhandicrafts.com/wp-content/uploads/2025/12/Pashmina-Shawl-15a.jpg?v=1765299482 | https://sindhhandicrafts.com/wp-content/uploads/2025/12/Pashmina-Shawl-15b.jpg?v=1765299487,
7527,Luxurious Hand Embroidered Pashmina Shawl For Women,,3200.0,4000.0,3200.0,PKR,True,Shawls For Women | Shawls for Men &amp; Women,https://sindhhandicrafts.com/product/white-shawl-for-women/,,"Splendid White Shawl For Women Sui Hand Embroidery Jaal Work Premium Quality Pashmina Size LxW Approx: 2.5 yard × 1.25 ft Perfect for Winter Season Disclaimer– Due to difference in screen settings across devices as well as photographic lighting sources, actual colors of the product might slightly vary compared to how they are visible on your screen.",https://sindhhandicrafts.com/wp-content/uploads/2025/11/Pashmina-Shawl-16a.jpg?v=1765394281 | https://sindhhandicrafts.com/wp-content/uploads/2025/11/Pashmina-Shawl-16b.jpg?v=1765394286,
7526,Luxurious Hand Embroidered Pashmina Shawl For Women,,3200.0,4000.0,3200.0,PKR,True,Shawls For Women | Shawls for Men &amp; Women,https://sindhhandicrafts.com/product/girls-shawl/,,"Stylish Girls Shawl Sui Hand Embroidery Jaal Work Premium Quality Pashmina Size LxW Approx: 2.5 yard × 1.25 ft Perfect for Winter Season Disclaimer– Due to difference in screen settings across devices as well as photographic lighting sources, actual colors of the product might slightly vary compared to how they are visible on your screen.",https://sindhhandicrafts.com/wp-content/uploads/2025/12/Pashmina-Shawl-13a.jpg?v=1765298622 | https://sindhhandicrafts.com/wp-content/uploads/2025/12/Pashmina-Shawl-13b.jpg?v=1765298626,
7525,Luxurious Hand Embroidered Pashmina Shawl For Women,,3200.0,4000.0,3200.0,PKR,True,Shawls For Women | Shawls for Men &amp; Women,https://sindhhandicrafts.com/product/ladies-shawl/,,"Sophisticated Ladies Shawl Sui Hand Embroidery Jaal Work Premium Quality Pashmina Size LxW Approx: 2.5 yard × 1.25 ft Perfect for Winter Season Disclaimer– Due to difference in screen settings across devices as well as photographic lighting sources, actual colors of the product might slightly vary compared to how they are visible on your screen.",https://sindhhandicrafts.com/wp-content/uploads/2025/12/Pashmina-Shawl-12a.jpg?v=1765297192 | https://sindhhandicrafts.com/wp-content/uploads/2025/12/Pashmina-Shawl-12b.jpg?v=1765297196,
7474,Luxurious Hand Embroidered Pashmina Shawl For Women,,3200.0,4000.0,3200.0,PKR,False,Shawls for Men &amp; Women | Shawls For Women,https://sindhhandicrafts.com/product/embroidered-shawl/,,"Elegant Hand Embroidered Shawl for Women Sui Hand Embroidery Jaal Work Premium Quality Pashmina Size LxW Approx: 2.5 yard × 1.25 ft Perfect for Winter Season Disclaimer– Due to difference in screen settings across devices as well as photographic lighting sources, actual colors of the product might slightly vary compared to how they are visible on your screen.",https://sindhhandicrafts.com/wp-content/uploads/2025/11/Pashmina-Shawl-4a.jpg?v=1764135138 | https://sindhhandicrafts.com/wp-content/uploads/2025/11/Pashmina-Shawl-4b.jpg?v=1764135142,
6972,Traditional Sindhi Topi (Cap),,1200.0,1500.0,1200.0,PKR,False,Sindhi Topi,https://sindhhandicrafts.com/product/sindhi-balochi-cap/,,"Traditional Sindhi Balochi Cap Size: Standard (Common Size) Machine Made with Mirror Work Light Weight Ideal for wearing in cultural, party and other occasions Best Cultural Product for Gift Disclaimer– Due to difference in screen settings across devices as well as photographic lighting sources, actual colors of the product might slightly vary compared to how they are visible on your screen.",https://sindhhandicrafts.com/wp-content/uploads/2024/09/Sindhi-Topi-13a.jpg?v=1757365875 | https://sindhhandicrafts.com/wp-content/uploads/2024/09/Sindhi-Topi-13b.jpg?v=1757365879,
6973,Traditional Sindhi Topi (Cap),,1200.0,1500.0,1200.0,PKR,False,Sindhi Topi,https://sindhhandicrafts.com/product/sindhi-balochi-topi/,,"Cultural Sindhi Balochi Topi Size: Standard (Common Size) Machine Made with Mirror Work Light Weight Ideal for wearing in cultural, party and other occasions Best Cultural Product for Gift Disclaimer– Due to difference in screen settings across devices as well as photographic lighting sources, actual colors of the product might slightly vary compared to how they are visible on your screen.",https://sindhhandicrafts.com/wp-content/uploads/2024/09/Sindhi-Topi-10a.jpg?v=1757365856 | https://sindhhandicrafts.com/wp-content/uploads/2024/09/Sindhi-Topi-10b.jpg?v=1757365859,
6969,Traditional Sindhi Topi (Cap),,1950.0,2500.0,1950.0,PKR,True,Sindhi Topi,https://sindhhandicrafts.com/product/black-sindhi-cap/,,"Black Sindhi Cap Online Size: Standard (Common Size) Machine Made with Mirror Work Light Weight Ideal for wearing in cultural, party and other occasions Best Cultural Product for Gift Disclaimer– Due to difference in screen settings across devices as well as photographic lighting sources, actual colors of the product might slightly vary compared to how they are visible on your screen.",https://sindhhandicrafts.com/wp-content/uploads/2025/09/Sindhi-Topi-20a.jpg?v=1766145668 | https://sindhhandicrafts.com/wp-content/uploads/2025/09/Sindhi-Topi-20b.jpg?v=1766217105,
6971,Handmade Sindhi Topi (Cap),,1950.0,2500.0,1950.0,PKR,False,Sindhi Topi,https://sindhhandicrafts.com/product/red-sindhi-topi/,,"Classic Red Sindhi Topi Size: Standard (Common Size) Fully Handmade Thread, Needle, Mirror Work Light Weight Ideal for wearing in cultural, party and other occasions Best Cultural Product for Gift Disclaimer– Due to difference in screen settings across devices as well as photographic lighting sources, actual colors of the product might slightly vary compared to how they are visible on your screen.",https://sindhhandicrafts.com/wp-content/uploads/2025/09/Handmade-Sindhi-Topi-7a.jpg?v=1766127747 | https://sindhhandicrafts.com/wp-content/uploads/2025/09/Handmade-Sindhi-Topi-7b.jpg?v=1766216880,
6970,Traditional Sindhi Topi (Cap),,1950.0,2500.0,1950.0,PKR,True,Sindhi Topi,https://sindhhandicrafts.com/product/cap-sindhi/,,"Graceful Cap Sindhi Size: Standard (Common Size) Machine Made with Mirror Work Light Weight Ideal for wearing in cultural, party and other occasions Best Cultural Product for Gift Disclaimer– Due to difference in screen settings across devices as well as photographic lighting sources, actual colors of the product might slightly vary compared to how they are visible on your screen.",https://sindhhandicrafts.com/wp-content/uploads/2024/09/Sindhi-Topi-14a.jpg?v=1757365883 | https://sindhhandicrafts.com/wp-content/uploads/2024/09/Sindhi-Topi-14b.jpg?v=1757365886,
6968,Handmade Sindhi Topi (Cap),,1950.0,2500.0,1950.0,PKR,True,Sindhi Topi,https://sindhhandicrafts.com/product/sindh-topi/,,"Traditional Sindh Topi Size: Standard (Common Size) Fully Handmade Thread, Needle, Mirror Work Light Weight Ideal for wearing in cultural, party and other occasions Best Cultural Product for Gift Disclaimer– Due to difference in screen settings across devices as well as photographic lighting sources, actual colors of the product might slightly vary compared to how they are visible on your screen.",https://sindhhandicrafts.com/wp-content/uploads/2024/09/Handmade-Sindhi-Topi-3a.jpg?v=1757365035 | https://sindhhandicrafts.com/wp-content/uploads/2024/09/Handmade-Sindhi-Topi-3b.jpg?v=1757365039,
6967,Handmade Sindhi Topi (Cap),,1950.0,2500.0,1950.0,PKR,True,Sindhi Topi,https://sindhhandicrafts.com/product/sindhi-cap-design/,,"Trendy Sindhi Cap Design Size: Standard (Common Size) Fully Handmade Thread, Needle, Mirror Work Light Weight Ideal for wearing in cultural, party and other occasions Best Cultural Product for Gift Disclaimer– Due to difference in screen settings across devices as well as photographic lighting sources, actual colors of the product might slightly vary compared to how they are visible on your screen.",https://sindhhandicrafts.com/wp-content/uploads/2025/09/Handmade-Sindhi-Topi-9a.jpg?v=1766168880 | https://sindhhandicrafts.com/wp-content/uploads/2025/09/Handmade-Sindhi-Topi-9b.jpg?v=1766168884,
6966,Handmade Sindhi Topi (Cap),,1950.0,2500.0,1950.0,PKR,True,Sindhi Topi,https://sindhhandicrafts.com/product/handmade-sindhi-cap/,,"Stylish Handmade Sindhi Cap Size: Standard (Common Size) Fully Handmade Thread, Needle, Mirror Work Light Weight Ideal for wearing in cultural, party and other occasions Best Cultural Product for Gift Disclaimer– Due to difference in screen settings across devices as well as photographic lighting sources, actual colors of the product might slightly vary compared to how they are visible on your screen.",https://sindhhandicrafts.com/wp-content/uploads/2024/09/Handmade-Sindhi-Topi-4a.jpg?v=1757365043 | https://sindhhandicrafts.com/wp-content/uploads/2024/09/Handmade-Sindhi-Topi-4b.jpg?v=1757365047,
6965,Handmade Sindhi Topi (Cap),,1950.0,2500.0,1950.0,PKR,True,Sindhi Topi,https://sindhhandicrafts.com/product/sindhi-topi-at-best-price/,,"Premium Sindhi Topi At Best Price Size: Standard (Common Size) Fully Handmade Thread, Needle, Mirror Work Light Weight Ideal for wearing in cultural, party and other occasions Best Cultural Product for Gift Disclaimer– Due to difference in screen settings across devices as well as photographic lighting sources, actual colors of the product might slightly vary compared to how they are visible on your screen.",https://sindhhandicrafts.com/wp-content/uploads/2024/09/Handmade-Sindhi-Topi-5a.jpg?v=1757365050 | https://sindhhandicrafts.com/wp-content/uploads/2024/09/Handmade-Sindhi-Topi-5b.jpg?v=1757365054,
4713,Traditional Sindhi Topi (Cap),,1200.0,1500.0,1200.0,PKR,False,Sindhi Topi,https://sindhhandicrafts.com/product/sindhi-topi-online/,,"Stunning Sindhi Topi Online Size: Standard (Common Size) Machine Made with Mirror Work Light Weight Ideal for wearing in cultural, party and other occasions Best Cultural Product for Gift Disclaimer– Due to difference in screen settings across devices as well as photographic lighting sources, actual colors of the product might slightly vary compared to how they are visible on your screen.",https://sindhhandicrafts.com/wp-content/uploads/2024/09/Sindhi-Topi-12a.jpg?v=1757365869 | https://sindhhandicrafts.com/wp-content/uploads/2024/09/Sindhi-Topi-12b.jpg?v=1757365872,
7157,3 Piece Applique Work Dress,,3500.0,4500.0,3500.0,PKR,True,Handmade Applique Dresses | Embroidered Dresses,https://sindhhandicrafts.com/product/applic-suit/,,"Beautiful Applic Suit for Women Unstitched Handmade Material : Soft Cotton (Shirt, Trouser) Chiffon (Dupatta) 3 Piece. Kameez, Shalwar and Dupatta. Size Dupatta 2.5 yards Shalwar 2.5 yards Kameez 2.5 yards Disclaimer– Due to differences in screen settings across devices as well as photographic lighting sources, actual colors of the product might slightly vary compared to how they are visible on your screen",https://sindhhandicrafts.com/wp-content/uploads/2025/10/Applique-Work-Dress-26.jpg?v=1777177917,
7156,3 Piece Applique Work Dress,,3500.0,4500.0,3500.0,PKR,True,Handmade Applique Dresses | Embroidered Dresses,https://sindhhandicrafts.com/product/new-applic-dress-design/,,"New Applic Dress Design for Women Unstitched Handmade Material : Soft Cotton (Shirt, Trouser) Chiffon (Dupatta) 3 Piece. Kameez, Shalwar and Dupatta. Size Dupatta 2.5 yards Shalwar 2.5 yards Kameez 2.5 yards Disclaimer– Due to differences in screen settings across devices as well as photographic lighting sources, actual colors of the product might slightly vary compared to how they are visible on your screen",https://sindhhandicrafts.com/wp-content/uploads/2025/10/Applique-Work-Dress-25.jpg?v=1777177908,
7155,3 Piece Applique Work Dress,,3500.0,4500.0,3500.0,PKR,True,Handmade Applique Dresses | Embroidered Dresses,https://sindhhandicrafts.com/product/new-applique-designs-dresses/,,"New Applique Designs Dresses for Women Unstitched Fully Handmade Material : Lawn (Shirt, Trouser) Chiffon (Dupatta) 3 Piece. Kameez, Shalwar and Dupatta. Size Dupatta 2.5 yards Shalwar 2.5 yards Kameez 2.5 yards Disclaimer– Due to differences in screen settings across devices as well as photographic lighting sources, actual colors of the product might slightly vary compared to how they are visible on your screen",https://sindhhandicrafts.com/wp-content/uploads/2025/10/Applique-Work-Dress-27.jpg?v=1777219998,
7158,3 Piece Applique Work Dress,,3500.0,4500.0,3500.0,PKR,True,Handmade Applique Dresses | Embroidered Dresses,https://sindhhandicrafts.com/product/applic-suit-design/,,"Stylish Applic Suit Design for Women Unstitched Fully Handmade Material : Lawn (Shirt, Trouser) Chiffon (Dupatta) 3 Piece. Kameez, Shalwar and Dupatta. Size Dupatta 2.5 yards Shalwar 2.5 yards Kameez 2.5 yards Disclaimer– Due to differences in screen settings across devices as well as photographic lighting sources, actual colors of the product might slightly vary compared to how they are visible on your screen",https://sindhhandicrafts.com/wp-content/uploads/2025/10/Applique-Work-Dress-29.jpg?v=1777220006,
7159,3 Piece Applique Work Dress,,3500.0,4500.0,3500.0,PKR,True,Handmade Applique Dresses | Embroidered Dresses,https://sindhhandicrafts.com/product/applique-work-designs-for-dresses/,,"Applique Work Designs for Dresses Unstitched Fully Handmade Material : Lawn (Shirt, Trouser) Organza (Dupatta) 3 Piece. Kameez, Shalwar and Dupatta. Size Dupatta 2.5 yards Shalwar 2.5 yards Kameez 2.5 yards Disclaimer– Due to differences in screen settings across devices as well as photographic lighting sources, actual colors of the product might slightly vary compared to how they are visible on your screen",https://sindhhandicrafts.com/wp-content/uploads/2025/10/Applique-Work-Dress-20.jpg?v=1761285717,
5944,3 Piece Applique Work Dress,,3500.0,4500.0,3500.0,PKR,True,Handmade Applique Dresses | Embroidered Dresses,https://sindhhandicrafts.com/product/sindhi-applique-work-dress/,,"Sindhi Applique Work Dress for Women Unstitched Fully Handmade Material : Premium Quality Soft Cotton (Shirt, Trouser), Chiffon Dupatta 3 Piece. Kameez, Shalwar and Dupatta. Size Dupatta 2.5 yards Shalwar 2.5 yards Kameez 2.5 yards Disclaimer– Due to differences in screen settings across devices as well as photographic lighting sources, actual colors of the product might slightly vary compared to how they are visible on your screen",https://sindhhandicrafts.com/wp-content/uploads/2025/04/Applique-Work-Dress-15a.jpg?v=1766641029,
5918,3 Piece Applique Work Dress,,3500.0,4500.0,3500.0,PKR,True,Handmade Applique Dresses | Embroidered Dresses,https://sindhhandicrafts.com/product/applique-dress-design/,,"Classic Applique Dress Design for Women Unstitched Fully Handmade Material : Lawn (Shirt, Trouser) Chiffon (Dupatta) 3 Piece. Kameez, Shalwar and Dupatta. Size Dupatta 2.5 yards Shalwar 2.5 yards Kameez 2.5 yards Disclaimer– Due to differences in screen settings across devices as well as photographic lighting sources, actual colors of the product might slightly vary compared to how they are visible on your screen",https://sindhhandicrafts.com/wp-content/uploads/2025/10/Applique-Work-Dress-28.jpg?v=1777220002,
5919,3 Piece Applique Work Dress,,3500.0,4500.0,3500.0,PKR,False,Handmade Applique Dresses | Embroidered Dresses,https://sindhhandicrafts.com/product/applique-designs-for-dresses/,,"Elegant Applique Designs for Dresses Unstitched Fully Handmade Material : Premium Quality Soft Cotton (Shirt, Trouser), Chiffon Dupatta 3 Piece. Kameez, Shalwar and Dupatta. Size Dupatta 2.5 yards Shalwar 2.5 yards Kameez 2.5 yards Disclaimer– Due to differences in screen settings across devices as well as photographic lighting sources, actual colors of the product might slightly vary compared to how they are visible on your screen",https://sindhhandicrafts.com/wp-content/uploads/2025/04/Applique-Work-Dress-13_.jpg?v=1752859727,
5868,3 Piece Applique Work Dress,,3500.0,4500.0,3500.0,PKR,True,Handmade Applique Dresses | Embroidered Dresses,https://sindhhandicrafts.com/product/applique-work-suit/,,"Applique Work Suit for Women Unstitched Fully Handmade Material : Lawn (Shirt, Trouser) Organza (Dupatta) 3 Piece. Kameez, Shalwar and Dupatta. Size Dupatta 2.5 yards Shalwar 2.5 yards Kameez 2.5 yards Disclaimer– Due to differences in screen settings across devices as well as photographic lighting sources, actual colors of the product might slightly vary compared to how they are visible on your screen",https://sindhhandicrafts.com/wp-content/uploads/2025/04/Applique-Work-Dress-8.jpg?v=1744747803,
5866,3 Piece Applique Work Dress,,3900.0,5000.0,3900.0,PKR,True,Handmade Applique Dresses | Embroidered Dresses,https://sindhhandicrafts.com/product/applic-dress-design/,,"Applic Dress Design for Women Unstitched Handmade Material : Soft Cotton (Shirt, Trouser) Chiffon (Dupatta) 3 Piece. Kameez, Shalwar and Dupatta. Size Dupatta 2.5 yards Shalwar 2.5 yards Kameez 2.5 yards Disclaimer– Due to differences in screen settings across devices as well as photographic lighting sources, actual colors of the product might slightly vary compared to how they are visible on your screen",https://sindhhandicrafts.com/wp-content/uploads/2025/04/Applique-Work-Dress-24.jpg?v=1767448611,
6886,Heavy Embroidered Phulkari Dupatta,,3200.0,4500.0,3200.0,PKR,True,Embroidered Phulkari Dupatta,https://sindhhandicrafts.com/product/phulkari-embroidered-dupatta/,,"Unique Phulkari Embroidered Dupatta Size LxW Approx: 8 ft × 3.25 ft Fully Embroidered Dupatta Sequins & Thread Work Fabric: Cotton Silk Disclaimer– Due to difference in screen settings across devices as well as photographic lighting sources, actual colors of the product might slightly vary compared to how they are visible on your screen.",https://sindhhandicrafts.com/wp-content/uploads/2025/08/Heavy-Embroidered-Phulkari-Dupatta-8.jpg?v=1756284289,
6862,Handmade Phulkari Dupatta,,2950.0,4000.0,2950.0,PKR,False,Embroidered Phulkari Dupatta,https://sindhhandicrafts.com/product/black-phulkari-dupatta/,,"Classic Black Phulkari Dupatta Size LxW Approx: 8 ft × 3.25 ft Hand Embroidered Dupatta Sequins & Thread Work Fabric: Chiffon Disclaimer– Due to difference in screen settings across devices as well as photographic lighting sources, actual colors of the product might slightly vary compared to how they are visible on your screen.",https://sindhhandicrafts.com/wp-content/uploads/2025/08/Handmade-Phulkari-Dupatta-13a.jpg?v=1766209269 | https://sindhhandicrafts.com/wp-content/uploads/2025/08/Handmade-Phulkari-Dupatta-13b.jpg?v=1766209273,
6051,Heavy Embroidered Phulkari Dupatta,,3200.0,4500.0,3200.0,PKR,True,Embroidered Phulkari Dupatta,https://sindhhandicrafts.com/product/phulkari-dupatta-online-sale/,,"Phulkari Dupatta Online Sale in Pakistan Size LxW Approx: 8 ft × 3.25 ft Fully Embroidered Dupatta Sequins & Thread Work Fabric: Cotton Silk Disclaimer– Due to difference in screen settings across devices as well as photographic lighting sources, actual colors of the product might slightly vary compared to how they are visible on your screen.",https://sindhhandicrafts.com/wp-content/uploads/2025/05/Heavy-Embroidered-Phulkari-Dupatta-1.jpg?v=1746096963,
6050,Heavy Embroidered Phulkari Dupatta,,3200.0,4500.0,3200.0,PKR,True,Embroidered Phulkari Dupatta,https://sindhhandicrafts.com/product/phulkari-dupatta-for-wedding/,,"Perfect Phulkari Dupatta For Wedding Size LxW Approx: 8 ft × 3.25 ft Fully Embroidered Dupatta Sequins & Thread Work Fabric: Cotton Silk Disclaimer– Due to difference in screen settings across devices as well as photographic lighting sources, actual colors of the product might slightly vary compared to how they are visible on your screen.",https://sindhhandicrafts.com/wp-content/uploads/2025/05/Heavy-Embroidered-Phulkari-Dupatta-5.jpg?v=1756112627,
6049,Heavy Embroidered Phulkari Dupatta,,3200.0,4500.0,3200.0,PKR,False,Embroidered Phulkari Dupatta,https://sindhhandicrafts.com/product/sindhi-phulkari-dupatta/,,"Sindhi Phulkari Dupatta Size LxW Approx: 8 ft × 3.25 ft Fully Embroidered Dupatta Sequins & Thread Work Fabric: Cotton Silk Disclaimer– Due to difference in screen settings across devices as well as photographic lighting sources, actual colors of the product might slightly vary compared to how they are visible on your screen.",https://sindhhandicrafts.com/wp-content/uploads/2025/05/Heavy-Embroidered-Phulkari-Dupatta-6.jpg?v=1756112633,
6048,Heavy Embroidered Phulkari Dupatta,,3200.0,4500.0,3200.0,PKR,True,Embroidered Phulkari Dupatta,https://sindhhandicrafts.com/product/heavy-embroidered-phulkari-dupatta/,,"Heavy Embroidered Phulkari Dupatta Size LxW Approx: 8 ft × 3.25 ft Fully Embroidered Dupatta Sequins & Thread Work Fabric: Cotton Silk Disclaimer– Due to difference in screen settings across devices as well as photographic lighting sources, actual colors of the product might slightly vary compared to how they are visible on your screen.",https://sindhhandicrafts.com/wp-content/uploads/2025/05/Heavy-Embroidered-Phulkari-Dupatta-7.jpg?v=1756112638,
6042,Embroidered Phulkari Dupatta,,2950.0,4000.0,2950.0,PKR,True,Embroidered Phulkari Dupatta,https://sindhhandicrafts.com/product/best-phulkari-dupatta/,,"Best Phulkari Dupatta Online Size LxW Approx: 8 ft × 3.25 ft Machine Embroidered Jaal Work Fabric: Organza Disclaimer– Due to difference in screen settings across devices as well as photographic lighting sources, actual colors of the product might slightly vary compared to how they are visible on your screen.",https://sindhhandicrafts.com/wp-content/uploads/2025/05/Phulkari-Dupatta-24.jpg?v=1746090786,
6035,Handmade Phulkari Dupatta,,2950.0,4000.0,2950.0,PKR,True,Embroidered Phulkari Dupatta,https://sindhhandicrafts.com/product/phulkari-wala-dupatta/,,"Phulkari Wala Dupatta with Best Embroidery Size LxW Approx: 8 ft × 3.25 ft Hand Embroidered Dupatta Sequins & Thread Work Fabric: Chiffon Disclaimer– Due to difference in screen settings across devices as well as photographic lighting sources, actual colors of the product might slightly vary compared to how they are visible on your screen.",https://sindhhandicrafts.com/wp-content/uploads/2025/05/Handmade-Phulkari-Dupatta-5a.jpg?v=1746090219 | https://sindhhandicrafts.com/wp-content/uploads/2025/05/Handmade-Phulkari-Dupatta-5b.jpg?v=1746090224,
6034,Handmade Phulkari Dupatta,,2950.0,4000.0,2950.0,PKR,True,Embroidered Phulkari Dupatta,https://sindhhandicrafts.com/product/phulkari-dupatta-price/,,"Hand Embroidered Phulkari Dupatta at the Best Price Size LxW Approx: 8 ft × 3.25 ft Hand Embroidered Dupatta Sequins & Thread Work Fabric: Chiffon Disclaimer– Due to difference in screen settings across devices as well as photographic lighting sources, actual colors of the product might slightly vary compared to how they are visible on your screen.",https://sindhhandicrafts.com/wp-content/uploads/2025/05/Handmade-Phulkari-Dupatta-6a.jpg?v=1746090228 | https://sindhhandicrafts.com/wp-content/uploads/2025/05/Handmade-Phulkari-Dupatta-6b.jpg?v=1746090232,
6033,Handmade Phulkari Dupatta,,2950.0,4000.0,2950.0,PKR,False,Embroidered Phulkari Dupatta,https://sindhhandicrafts.com/product/phulkari-dupatta-pakistan/,,"Classy Phulkari Dupatta Pakistan Size LxW Approx: 8 ft × 3.25 ft Hand Embroidered Dupatta Sequins & Thread Work Fabric: Chiffon Disclaimer– Due to difference in screen settings across devices as well as photographic lighting sources, actual colors of the product might slightly vary compared to how they are visible on your screen.",https://sindhhandicrafts.com/wp-content/uploads/2025/05/Handmade-Phulkari-Dupatta-7a.jpg?v=1746090236 | https://sindhhandicrafts.com/wp-content/uploads/2025/05/Handmade-Phulkari-Dupatta-7b.jpg?v=1746090240,
7182,3 Piece Susi (Soosi) Dress,,3400.0,4500.0,3400.0,PKR,True,Susi (Soosi) Fabric Dresses,https://sindhhandicrafts.com/product/soosi-dress-design/,,"Sindhi Soosi Dress Design Unstitched Material : Susi (Soosi) Fabric 3 Piece. Kameez, Shalwar and Dupatta Size Approx: Dupatta 2.5 yards Shalwar 2.5 yards Kameez 3.0 yards Disclaimer– Due to differences in screen settings across devices as well as photographic lighting sources, actual colors of the product might slightly vary compared to how they are visible on your screen",https://sindhhandicrafts.com/wp-content/uploads/2024/01/Susi-Soosi-Banarsi-Dress-for-Women-42.jpg?v=1761409658,
7073,3 Piece Banarsi Susi (Soosi) Dress,,3150.0,4000.0,3150.0,PKR,True,Susi (Soosi) Fabric Dresses,https://sindhhandicrafts.com/product/sindhi-soosi-dress/,,"Classic Sindhi Soosi Dress – Banarsi Unstitched Material : Banarsi Susi (Soosi) Fabric 3 Piece. Kameez, Shalwar and Dupatta Size Approx: Dupatta 2.5 yards Shalwar 2.5 yards Kameez 3.0 yards Disclaimer– Due to differences in screen settings across devices as well as photographic lighting sources, actual colors of the product might slightly vary compared to how they are visible on your screen",https://sindhhandicrafts.com/wp-content/uploads/2025/10/Susi-Soosi-Dress-for-Women-3.jpg?v=1760978823,
6502,3 Piece Banarsi Susi (Soosi) Dress,,3150.0,4000.0,3150.0,PKR,True,Susi (Soosi) Fabric Dresses,https://sindhhandicrafts.com/product/soosi-suits/,,"Sindhi Soosi Suits – Banarsi Unstitched Material : Banarsi Susi (Soosi) Fabric 3 Piece. Kameez, Shalwar and Dupatta Size Approx: Dupatta 2.5 yards Shalwar 2.5 yards Kameez 3.0 yards Disclaimer– Due to differences in screen settings across devices as well as photographic lighting sources, actual colors of the product might slightly vary compared to how they are visible on your screen",https://sindhhandicrafts.com/wp-content/uploads/2025/07/Susi-Soosi-Banarsi-Dress-for-Women-31.jpg?v=1752770543,
6296,3 Piece Susi (Soosi) Dress,,3400.0,4500.0,3400.0,PKR,True,Susi (Soosi) Fabric Dresses,https://sindhhandicrafts.com/product/susi-suit/,,"Stylish Ladies Susi Suit Unstitched Material : Susi (Soosi) Fabric 3 Piece. Kameez, Shalwar and Dupatta Size Approx: Dupatta 2.5 yards Shalwar 2.5 yards Kameez 3.0 yards Disclaimer– Due to differences in screen settings across devices as well as photographic lighting sources, actual colors of the product might slightly vary compared to how they are visible on your screen",https://sindhhandicrafts.com/wp-content/uploads/2025/05/Susi-Soosi-Banarsi-Dress-for-Women-40a.jpg?v=1763459220,
6294,3 Piece Susi (Soosi) Dress,,3400.0,4500.0,3400.0,PKR,True,Susi (Soosi) Fabric Dresses,https://sindhhandicrafts.com/product/soosi-dress/,,"Classy Ladies Soosi Dress Unstitched Material : Susi (Soosi) Fabric 3 Piece. Kameez, Shalwar and Dupatta Size Approx: Dupatta 2.5 yards Shalwar 2.5 yards Kameez 3.0 yards Disclaimer– Due to differences in screen settings across devices as well as photographic lighting sources, actual colors of the product might slightly vary compared to how they are visible on your screen",https://sindhhandicrafts.com/wp-content/uploads/2025/05/Susi-Soosi-Banarsi-Dress-for-Women-41a.jpg?v=1763459185,
6293,3 Piece Banarsi Susi (Soosi) Dress,,3150.0,4000.0,3150.0,PKR,False,Susi (Soosi) Fabric Dresses,https://sindhhandicrafts.com/product/susi-shalwar-and-kameez/,,"Susi Shalwar and Kameez with Dupatta Unstitched Material : Banarsi Susi (Soosi) Fabric 3 Piece. Kameez, Shalwar and Dupatta Size Approx: Dupatta 2.5 yards Shalwar 2.5 yards Kameez 3.0 yards Disclaimer– Due to differences in screen settings across devices as well as photographic lighting sources, actual colors of the product might slightly vary compared to how they are visible on your screen",https://sindhhandicrafts.com/wp-content/uploads/2025/05/Susi-Soosi-Banarsi-Dress-for-Women-39a.jpg?v=1763459463,
5000,3 Piece Susi (Soosi) Dress,,3400.0,4500.0,3400.0,PKR,True,Susi (Soosi) Fabric Dresses,https://sindhhandicrafts.com/product/susi-fabric-for-summer/,,"Susi Fabric for Summer – Beautiful Design Unstitched Material : Susi (Soosi) Fabric 3 Piece. Kameez, Shalwar and Dupatta Size Approx: Dupatta 2.5 yards Shalwar 2.5 yards Kameez 3.0 yards Disclaimer– Due to differences in screen settings across devices as well as photographic lighting sources, actual colors of the product might slightly vary compared to how they are visible on your screen",https://sindhhandicrafts.com/wp-content/uploads/2024/11/Susi-Soosi-Banarsi-Dress-for-Women-37.jpg?v=1744742288,
4999,3 Piece Susi (Soosi) Dress,,3400.0,4500.0,3400.0,PKR,False,Susi (Soosi) Fabric Dresses,https://sindhhandicrafts.com/product/susi-clothing/,,"Sindhi Susi Clothing for Women Unstitched Material : Susi (Soosi) Fabric 3 Piece. Kameez, Shalwar and Dupatta Size Approx: Dupatta 2.5 yards Shalwar 2.5 yards Kameez 3.0 yards Disclaimer– Due to differences in screen settings across devices as well as photographic lighting sources, actual colors of the product might slightly vary compared to how they are visible on your screen",https://sindhhandicrafts.com/wp-content/uploads/2024/11/Susi-Soosi-Banarsi-Dress-for-Women-36.jpg?v=1744742441,
4787,3 Piece Susi (Soosi) Dress,,3400.0,4500.0,3400.0,PKR,True,Susi (Soosi) Fabric Dresses,https://sindhhandicrafts.com/product/susi-cloth/,,"Traditional Susi Cloth – Sindhi Dress Unstitched Material : Susi (Soosi) Fabric 3 Piece. Kameez, Shalwar and Dupatta Size Approx: Dupatta 2.5 yards Shalwar 2.5 yards Kameez 3.0 yards Disclaimer– Due to differences in screen settings across devices as well as photographic lighting sources, actual colors of the product might slightly vary compared to how they are visible on your screen",https://sindhhandicrafts.com/wp-content/uploads/2024/01/Susi-Soosi-Banarsi-Dress-for-Women-45.jpg?v=1777182516,
4788,3 Piece Susi (Soosi) Dress,,3400.0,4500.0,3400.0,PKR,True,Susi (Soosi) Fabric Dresses,https://sindhhandicrafts.com/product/susi-design/,,"Sindhi Susi Design – Fascinating Dress Unstitched Material : Susi (Soosi) Fabric 3 Piece. Kameez, Shalwar and Dupatta Size Approx: Dupatta 2.5 yards Shalwar 2.5 yards Kameez 3.0 yards Disclaimer– Due to differences in screen settings across devices as well as photographic lighting sources, actual colors of the product might slightly vary compared to how they are visible on your screen",https://sindhhandicrafts.com/wp-content/uploads/2024/10/Susi-Soosi-Banarsi-Dress-for-Women-25.jpg?v=1730257324,
7124,Sindhi Ajrak with Mirror work (for Ladies),,1950.0,2500.0,1950.0,PKR,True,Sindhi Ajrak,https://sindhhandicrafts.com/product/ladies-ajrak/,,"Stylish Ladies Ajrak Size Approx.: 7.5×3.5 Feet (Large) Fabric: Cotton Embroidered with hand block printing (Natural Dyes used) Faux Mirror work Perfect with all outfits Disclaimer– Due to difference in screen settings across devices as well as photographic lighting sources, actual colors of the product might slightly vary compared to how they are visible on your screen.",https://sindhhandicrafts.com/wp-content/uploads/2025/10/Mirror-Work-Ajrak-Design-For-Women-29.jpg?v=1777175258,
6883,Traditional Sindhi Ajrak,,1950.0,2500.0,1950.0,PKR,False,Sindhi Ajrak,https://sindhhandicrafts.com/product/traditional-ajrak/,,"Traditional Ajrak Love from Sindh, Pakistan Size Approx.: 84 x 60 inches – Large Fabric: Linen Vibrant color Classic wear for all occasions Disclaimer– Due to difference in screen settings across devices as well as photographic lighting sources, actual colors of the product might slightly vary compared to how they are visible on your screen.",https://sindhhandicrafts.com/wp-content/uploads/2025/08/Linen-Ajrak-Chadar-2a.jpg?v=1756201205 | https://sindhhandicrafts.com/wp-content/uploads/2025/08/Linen-Ajrak-Chadar-2b.jpg?v=1756201211,
6223,Vibrant Red Sindhi Ajrak,,1100.0,1500.0,1100.0,PKR,True,Sindhi Ajrak,https://sindhhandicrafts.com/product/red-ajrak-design/,,"Lively Red Ajrak Design Popular Traditional Pattern Size: Large Fabric: Polyester Traditional Red color Perfect wear for all occasions Disclaimer– Due to difference in screen settings across devices as well as photographic lighting sources, actual colors of the product might slightly vary compared to how they are visible on your screen.",https://sindhhandicrafts.com/wp-content/uploads/2025/05/Red-Ajrak.jpg?v=1747935523,
5644,Sindhi Ajrak with Mirror work (for Ladies),,1950.0,2500.0,1950.0,PKR,True,Sindhi Ajrak | Fancy Dupatta Designs,https://sindhhandicrafts.com/product/mirror-ajrak/,,"Mirror Ajrak (Sindhi) Fine Art of the Region Size Approx.: 7.5×3.5 Feet (Large) Fabric: Cotton Handcrafted with block printing (Natural Dyes used) Mirror work Perfect for wearing in all occasions Disclaimer– Due to difference in screen settings across devices as well as photographic lighting sources, actual colors of the product might slightly vary compared to how they are visible on your screen.",https://sindhhandicrafts.com/wp-content/uploads/2024/09/Mirror-Work-Ajrak-Design-for-women19.jpg?v=1741112076,
5118,Classic Saraiki Ajrak,,1500.0,2000.0,1500.0,PKR,True,Sindhi Ajrak,https://sindhhandicrafts.com/product/saraiki-ajrak-design/,,"Iconic Saraiki Ajrak Design Filled with the essence of Cultural and Traditional heritage Size Approx.: 80×44 inches – Large Material: Cotton Hand Block Printed with Natural Dyes Perfect for wearing in all occasions Ideal to gift your loved ones Disclaimer– Due to difference in screen settings across devices as well as photographic lighting sources, actual colors of the product might slightly vary compared to how they are visible on your screen.",https://sindhhandicrafts.com/wp-content/uploads/2024/11/Saraiki-Ajrak-1a.jpg?v=1756197230 | https://sindhhandicrafts.com/wp-content/uploads/2024/11/Saraiki-Ajrak-1b.jpg?v=1756197235,
5030,Traditional Thari Shawl for Men,,1600.0,2500.0,1600.0,PKR,True,Sindhi Ajrak,https://sindhhandicrafts.com/product/thari-shawl/,,"Thari Shawl (also known as Sindhi Lungi/ Thari Lungi) Iconic Handicrafts of Sindh Size Approx.: L X W 7 ft X 1.5 ft (Large) Fabric: Mix Cotton Polyester Hand Woven/ Embroidered Multi-color Pattern Ideal for wearing at occasions such as Weddings, Engagements, Cultural Programs, Events etc. Disclaimer– Due to difference in screen settings across devices as well as photographic lighting sources, actual colors of the product might slightly vary compared to how they are visible on your screen.",https://sindhhandicrafts.com/wp-content/uploads/2024/11/Thari-Shawl_Sindhi-Lungi.jpg?v=1731007431,
4764,Sindhi Ajrak with Mirror work (for Ladies),,1950.0,2500.0,1950.0,PKR,True,Sindhi Ajrak,https://sindhhandicrafts.com/product/ajrak-design-for-girl/,,"Unique Ajrak Design for Girls Size Approx.: 7.5×3.5 Feet (Large) Fabric: Cotton Embroidered with hand block printing (Natural Dyes used) Faux Mirror work Perfect with all outfits Disclaimer– Due to difference in screen settings across devices as well as photographic lighting sources, actual colors of the product might slightly vary compared to how they are visible on your screen.",https://sindhhandicrafts.com/wp-content/uploads/2024/09/Mirror-Work-Ajrak-Design-for-women812.jpg?v=1730257277,
4765,Sindhi Ajrak with Mirror work (for Ladies),,1950.0,2500.0,1950.0,PKR,True,Sindhi Ajrak | Fancy Dupatta Designs,https://sindhhandicrafts.com/product/ajrak-style-for-women/,,"Modern Ajrak Style for Women Size Approx.: 7.5×3.5 Feet (Large) Fabric: Cotton Embroidered with hand block printing (Natural Dyes used) Faux Mirror work Perfect with all outfits Disclaimer– Due to difference in screen settings across devices as well as photographic lighting sources, actual colors of the product might slightly vary compared to how they are visible on your screen.",https://sindhhandicrafts.com/wp-content/uploads/2023/12/Mirror-Work-Ajrak-Design-For-Women-23.jpg?v=1761197905,
4739,Ajrak Dupatta,,2200.0,3000.0,2200.0,PKR,True,Fancy Dupatta Designs | Sindhi Ajrak,https://sindhhandicrafts.com/product/ajrak-dupatta-design/,,"Beautiful Ajrak Dupatta Design Size LxW Approx: 8.5 ft × 3.5 ft Hand Block Print with Nature Dyes Sequins Work Chemical Free – 100% Organic Fabric: Cotton Disclaimer– Due to difference in screen settings across devices as well as photographic lighting sources, actual colors of the product might slightly vary compared to how they are visible on your screen.",https://sindhhandicrafts.com/wp-content/uploads/2024/09/Ajrak-Dupatta-4.jpg?v=1761214272,
4738,Ajrak Dupatta,,2200.0,3000.0,2200.0,PKR,True,Fancy Dupatta Designs | Sindhi Ajrak,https://sindhhandicrafts.com/product/ajrak-dupatta-online-pakistan/,,"Traditional Ajrak Dupatta Online in Pakistan Size LxW Approx: 8.5 ft × 3.5 ft Hand Block Print with Nature Dyes Sequins Work Chemical Free – 100% Organic Fabric: Cotton Disclaimer– Due to difference in screen settings across devices as well as photographic lighting sources, actual colors of the product might slightly vary compared to how they are visible on your screen.",https://sindhhandicrafts.com/wp-content/uploads/2024/09/Ajrak-Dupatta-6.jpg?v=1777177143,
7742,Festive Organza Dupatta,,3500.0,4500.0,3500.0,PKR,False,Hand Embroidered Organza Dupatta,https://sindhhandicrafts.com/product/new-trend-dupatta/,,"New Trend Dupatta in Organza Fabric Size LxW Approx: 7.5 ft × 3.25 ft Fully Ari Zari Work with Mirror Embellishments Jaal Work Embroidery Fabric: Organza Ideal for Festive Occasions & Weddings Disclaimer– Due to difference in screen settings across devices as well as photographic lighting sources, actual colors of the product might slightly vary compared to how they are visible on your screen.",https://sindhhandicrafts.com/wp-content/uploads/2026/01/Festive-Organza-Dupatta-7a.jpg?v=1767779322 | https://sindhhandicrafts.com/wp-content/uploads/2026/01/Festive-Organza-Dupatta-7b.jpg?v=1767779327,
6898,Festive Organza Dupatta,,3500.0,4500.0,3500.0,PKR,False,Hand Embroidered Organza Dupatta,https://sindhhandicrafts.com/product/festive-dupatta/,,"Finest Quality Festive Dupatta Size LxW Approx: 7.5 ft × 3.25 ft Fully Ari Zari Work with Mirror Embellishments Jaal Work Embroidery Fabric: Organza Ideal for Festive Occasions & Weddings Disclaimer– Due to difference in screen settings across devices as well as photographic lighting sources, actual colors of the product might slightly vary compared to how they are visible on your screen.",https://sindhhandicrafts.com/wp-content/uploads/2025/08/Festive-Organza-Dupatta-5a.jpg?v=1767778657 | https://sindhhandicrafts.com/wp-content/uploads/2025/08/Festive-Organza-Dupatta-5b.jpg?v=1767778662,
6896,Festive Organza Dupatta,,3500.0,4500.0,3500.0,PKR,False,Hand Embroidered Organza Dupatta,https://sindhhandicrafts.com/product/wedding-dupatta/,,"State Of The Art Wedding Dupatta Size LxW Approx: 7.5 ft × 3.25 ft Fully Ari Zari Work with Mirror Embellishments Jaal Work Embroidery Fabric: Organza Ideal for Festive Occasions & Weddings Disclaimer– Due to difference in screen settings across devices as well as photographic lighting sources, actual colors of the product might slightly vary compared to how they are visible on your screen.",https://sindhhandicrafts.com/wp-content/uploads/2025/08/Festive-Organza-Dupatta-2b.jpg?v=1756289888 | https://sindhhandicrafts.com/wp-content/uploads/2025/08/Festive-Organza-Dupatta-2a.jpg?v=1756289883,
6897,Festive Organza Dupatta,,3500.0,4500.0,3500.0,PKR,False,Hand Embroidered Organza Dupatta,https://sindhhandicrafts.com/product/festive-organza-dupatta/,,"Eye-Catching Festive Organza Dupatta Size LxW Approx: 7.5 ft × 3.25 ft Fully Ari Zari Work with Mirror Embellishments Jaal Work Embroidery Fabric: Organza Ideal for Festive Occasions & Weddings Disclaimer– Due to difference in screen settings across devices as well as photographic lighting sources, actual colors of the product might slightly vary compared to how they are visible on your screen.",https://sindhhandicrafts.com/wp-content/uploads/2025/08/Festive-Organza-Dupatta-6a.jpg?v=1767778802 | https://sindhhandicrafts.com/wp-content/uploads/2025/08/Festive-Organza-Dupatta-6b.jpg?v=1767778807,
6895,Hand Embroidered Organza Dupatta,,3100.0,4000.0,3100.0,PKR,True,Hand Embroidered Organza Dupatta,https://sindhhandicrafts.com/product/handmade-organza-dupatta/,,"Awesome Handmade Organza Dupatta Size LxW Approx: 7.5 ft × 3.25 ft Hand Embroidered Dupatta Sequins & Thread Work Fabric: Organza Disclaimer– Due to difference in screen settings across devices as well as photographic lighting sources, actual colors of the product might slightly vary compared to how they are visible on your screen.",https://sindhhandicrafts.com/wp-content/uploads/2025/08/Indian-Organza-Dupatta-Border-21a.jpg?v=1763903052 | https://sindhhandicrafts.com/wp-content/uploads/2025/08/Indian-Organza-Dupatta-Border-21b-1.jpg?v=1763903056,
6894,Hand Embroidered Organza Dupatta,,3100.0,4000.0,3100.0,PKR,True,Hand Embroidered Organza Dupatta,https://sindhhandicrafts.com/product/hand-embroidered-organza-dupatta/,,"Fabulous Hand Embroidered Organza Dupatta Size LxW Approx: 7.5 ft × 3.25 ft Hand Embroidered Dupatta Sequins & Thread Work Fabric: Organza Disclaimer– Due to difference in screen settings across devices as well as photographic lighting sources, actual colors of the product might slightly vary compared to how they are visible on your screen.",https://sindhhandicrafts.com/wp-content/uploads/2025/08/Indian-Organza-Dupatta-Border-22a.jpg?v=1763902821 | https://sindhhandicrafts.com/wp-content/uploads/2025/08/Indian-Organza-Dupatta-Border-22a.jpg?v=1763902821,
5713,Jaal Work Embroidered Dupatta,,2450.0,3200.0,2450.0,PKR,True,Fancy Dupatta Designs | Hand Embroidered Organza Dupatta,https://sindhhandicrafts.com/product/jaal-work-embroidered-dupatta/,,"Elegant Jaal Work Embroidered Dupatta for a Classy Look Size LxW Approx: 7.5 ft × 3.5 ft Jaal Work Embroidery Faux Mirror work Fabric: Organza Disclaimer– Due to difference in screen settings across devices as well as photographic lighting sources, actual colors of the product might slightly vary compared to how they are visible on your screen.",https://sindhhandicrafts.com/wp-content/uploads/2025/03/Jaal-Work-Embroidered-Dupatta-2a.jpg?v=1742418865 | https://sindhhandicrafts.com/wp-content/uploads/2025/03/Jaal-Work-Embroidered-Dupatta-2b.jpg?v=1742418868,
5706,Jaal Work Embroidered Dupatta,,2450.0,3200.0,2450.0,PKR,True,Fancy Dupatta Designs | Hand Embroidered Organza Dupatta,https://sindhhandicrafts.com/product/new-dupatta-design/,,"New Dupatta Design with Modern Charm Size LxW Approx: 7.5 ft × 3.5 ft Jaal Work Embroidery Faux Mirror work Fabric: Organza Disclaimer– Due to difference in screen settings across devices as well as photographic lighting sources, actual colors of the product might slightly vary compared to how they are visible on your screen.",https://sindhhandicrafts.com/wp-content/uploads/2025/03/Jaal-Work-Embroidered-Dupatta-1b.jpg?v=1742310892 | https://sindhhandicrafts.com/wp-content/uploads/2025/03/Jaal-Work-Embroidered-Dupatta-1a.jpg?v=1742310888,
4560,Organza Dupatta (Heavy Hand Embroidered),,3400.0,4500.0,3400.0,PKR,True,Hand Embroidered Organza Dupatta,https://sindhhandicrafts.com/product/organza-flower-dupatta/,,"Embroidered Organza Flower Dupatta Size LxW Approx: 7.5 ft × 3.25 ft Fully Hand Embroidered Dupatta Sequins & Thread Work Fabric: Organza Disclaimer– Due to difference in screen settings across devices as well as photographic lighting sources, actual colors of the product might slightly vary compared to how they are visible on your screen.",https://sindhhandicrafts.com/wp-content/uploads/2024/08/Indian-Organza-Dupatta-103a-1.jpg?v=1763909410 | https://sindhhandicrafts.com/wp-content/uploads/2024/08/Indian-Organza-Dupatta-103b.jpg?v=1763909416,
4424,Hand Embroidered Organza Dupatta,,3100.0,4000.0,3100.0,PKR,True,Hand Embroidered Organza Dupatta,https://sindhhandicrafts.com/product/dupatta-design-organza/,,"Hand Embroidered Dupatta Design Organza Size LxW Approx: 7.5 ft × 3.25 ft Hand Embroidered Dupatta Sequins & Thread Work Fabric: Organza Disclaimer– Due to difference in screen settings across devices as well as photographic lighting sources, actual colors of the product might slightly vary compared to how they are visible on your screen.",https://sindhhandicrafts.com/wp-content/uploads/2024/08/Indian-Organza-Dupatta-Border-23a-1.jpg?v=1763904873 | https://sindhhandicrafts.com/wp-content/uploads/2024/08/Indian-Organza-Dupatta-Border-23b-1.jpg?v=1763904878,
6570,Applique (Handmade) Dupatta,,2650.0,3500.0,2650.0,PKR,True,Fancy Dupatta Designs,https://sindhhandicrafts.com/product/applique-handwork-dupatta/,,"Applique Handwork Dupatta Size LxW Approx: 8 ft × 4.5 ft Hand Embroidered Fabric: Lawn Disclaimer– Due to difference in screen settings across devices as well as photographic lighting sources, actual colors of the product might slightly vary compared to how they are visible on your screen.",https://sindhhandicrafts.com/wp-content/uploads/2025/07/Applique-Work-Dupatta-Design-28a.jpg?v=1753166136 | https://sindhhandicrafts.com/wp-content/uploads/2025/07/Applique-Work-Dupatta-Design-28b.jpg?v=1753166139,
6440,Chikankari Embroidered Dupatta,,2950.0,4000.0,2950.0,PKR,True,Fancy Dupatta Designs,https://sindhhandicrafts.com/product/chikankari-dupatta-online-pakistan/,,"Classy Chikankari Dupatta Online in Pakistan Size Approx: 2.5 Yard Fully Jaal Work Embroidery Lace Work on Borders Fabric: Fine Paper Lawn Disclaimer– Due to difference in screen settings across devices as well as photographic lighting sources, actual colors of the product might slightly vary compared to how they are visible on your screen.",https://sindhhandicrafts.com/wp-content/uploads/2025/07/Paper-Lawn-Dupatta-2a.jpg?v=1752095358 | https://sindhhandicrafts.com/wp-content/uploads/2025/07/Paper-Lawn-Dupatta-2b.jpg?v=1752095361,
6439,Chikankari Embroidered Dupatta,,2950.0,4000.0,2950.0,PKR,True,Fancy Dupatta Designs,https://sindhhandicrafts.com/product/chikankari-dupatta-design/,,"Fancy Chikankari Dupatta Design Size Approx: 2.5 Yard Fully Jaal Work Embroidery Lace Work on Borders Fabric: Fine Paper Lawn Disclaimer– Due to difference in screen settings across devices as well as photographic lighting sources, actual colors of the product might slightly vary compared to how they are visible on your screen.",https://sindhhandicrafts.com/wp-content/uploads/2025/07/Paper-Lawn-Dupatta-1a.jpg?v=1752095351 | https://sindhhandicrafts.com/wp-content/uploads/2025/07/Paper-Lawn-Dupatta-1b.jpg?v=1752095354,
6438,Chikankari Embroidered Dupatta,,2950.0,4000.0,2950.0,PKR,True,Fancy Dupatta Designs,https://sindhhandicrafts.com/product/chikankari-dupatta/,,"Unique Chikankari Dupatta Size Approx: 2.5 Yard Fully Jaal Work Embroidery Lace Work on Borders Fabric: Fine Paper Lawn Disclaimer– Due to difference in screen settings across devices as well as photographic lighting sources, actual colors of the product might slightly vary compared to how they are visible on your screen.",https://sindhhandicrafts.com/wp-content/uploads/2025/07/Paper-Lawn-Dupatta-3a.jpg?v=1752095365 | https://sindhhandicrafts.com/wp-content/uploads/2025/07/Paper-Lawn-Dupatta-3b.jpg?v=1752095368,
6437,Chikankari Embroidered Dupatta,,2950.0,4000.0,2950.0,PKR,True,Fancy Dupatta Designs,https://sindhhandicrafts.com/product/chikankari-embroidered-dupatta/,,"Charming Chikankari Embroidered Dupatta Size Approx: 2.5 Yard Fully Jaal Work Embroidery Lace Work on Borders Fabric: Fine Paper Lawn Disclaimer– Due to difference in screen settings across devices as well as photographic lighting sources, actual colors of the product might slightly vary compared to how they are visible on your screen.",https://sindhhandicrafts.com/wp-content/uploads/2025/07/Paper-Lawn-Dupatta-4a.jpg?v=1752095371 | https://sindhhandicrafts.com/wp-content/uploads/2025/07/Paper-Lawn-Dupatta-4b.jpg?v=1752095375,
6340,Sindhi Chiffon Embroidered Dupatta,,2950.0,3850.0,2950.0,PKR,False,Fancy Dupatta Designs,https://sindhhandicrafts.com/product/floral-embroidered-chiffon-dupatta/,,"Floral Embroidered Chiffon Dupatta Size LxW Approx: 8 ft × 4.5 ft Geometric Motif Embroidery with Sequins Work Floral Pattern Lightweight and Flowing Fabric: Fine Quality Crinkle Chiffon Disclaimer– Due to difference in screen settings across devices as well as photographic lighting sources, actual colors of the product might slightly vary compared to how they are visible on your screen.",https://sindhhandicrafts.com/wp-content/uploads/2024/01/Crinkle-Chiffon-Embroidered-Dupatta-1a.jpg?v=1748498250 | https://sindhhandicrafts.com/wp-content/uploads/2024/01/Crinkle-Chiffon-Embroidered-Dupatta-1b.jpg?v=1748498254,
6339,Sindhi Chiffon Embroidered Dupatta,,2950.0,3850.0,2950.0,PKR,True,Fancy Dupatta Designs,https://sindhhandicrafts.com/product/crinkle-dupatta/,,"Colorful Crinkle Dupatta Size LxW Approx: 8 ft × 4.5 ft Geometric Motif Embroidery with Sequins Work Floral Pattern Lightweight and Flowing Fabric: Fine Quality Crinkle Chiffon Disclaimer– Due to difference in screen settings across devices as well as photographic lighting sources, actual colors of the product might slightly vary compared to how they are visible on your screen.",https://sindhhandicrafts.com/wp-content/uploads/2024/01/Crinkle-Chiffon-Embroidered-Dupatta-2a.jpg?v=1748498258 | https://sindhhandicrafts.com/wp-content/uploads/2024/01/Crinkle-Chiffon-Embroidered-Dupatta-2b.jpg?v=1748498262,
6338,Sindhi Chiffon Embroidered Dupatta,,2950.0,3850.0,2950.0,PKR,True,Fancy Dupatta Designs,https://sindhhandicrafts.com/product/crinkle-chiffon-dupatta/,,"Classy Crinkle Chiffon Dupatta Size LxW Approx: 8 ft × 4.5 ft Geometric Motif Embroidery with Sequins Work Floral Pattern Lightweight and Flowing Fabric: Fine Quality Crinkle Chiffon Disclaimer– Due to difference in screen settings across devices as well as photographic lighting sources, actual colors of the product might slightly vary compared to how they are visible on your screen.",https://sindhhandicrafts.com/wp-content/uploads/2024/01/Crinkle-Chiffon-Embroidered-Dupatta-3a.jpg?v=1748498266 | https://sindhhandicrafts.com/wp-content/uploads/2024/01/Crinkle-Chiffon-Embroidered-Dupatta-3b.jpg?v=1748498269,
6287,Sindhi Chunri Dupatta,,2450.0,3200.0,2450.0,PKR,True,Fancy Dupatta Designs,https://sindhhandicrafts.com/product/pakistani-chunri-dupatta/,,"Multicolor Pakistani Chunri Dupatta Type: Chunri Handmade Size LxW Approx: 8.25 ft × 4.5 ft Fabric: Linen Disclaimer– Due to difference in screen settings across devices as well as photographic lighting sources, actual colors of the product might slightly vary compared to how they are visible on your screen.",https://sindhhandicrafts.com/wp-content/uploads/2025/05/Chunri-Dupatta-11.jpg?v=1748340453,
6288,Sindhi Chunri Dupatta,,2450.0,3200.0,2450.0,PKR,True,Fancy Dupatta Designs,https://sindhhandicrafts.com/product/sindhi-chunri-dupatta/,,"Traditional Sindhi Chunri Dupatta Type: Chunri Handmade Size LxW Approx: 8.25 ft × 4.5 ft Fabric: Linen Disclaimer– Due to difference in screen settings across devices as well as photographic lighting sources, actual colors of the product might slightly vary compared to how they are visible on your screen.",https://sindhhandicrafts.com/wp-content/uploads/2025/05/Chunri-Dupatta-12.jpg?v=1748340457,
8087,3 Piece Hand Embroidered Balochi Dress,,4500.0,6000.0,4500.0,PKR,False,Balochi Dresses | Embroidered Dresses,https://sindhhandicrafts.com/product/balochistan-traditional-dress/,,"Balochistan Traditional Dress for Women Unstitched Embroidery Type: Balochi Tanka Work – Handmade Classy Mirror Work Material : Soft Cotton (Shirt, Trouser) with Chiffon (Dupatta) 3 Piece. Shirt, Trouser and Dupatta. Size Dupatta 2.5 yards Trouser 2.5 yards Shirt 2.5 yards Disclaimer– Due to differences in screen settings across devices as well as photographic lighting sources, actual colors of the product might slightly vary compared to how they are visible on your screen",https://sindhhandicrafts.com/wp-content/uploads/2026/05/3pc-Hand-Embroidered-Balochi-Dress-12.jpg?v=1777784751,
8083,3 Piece Hand Embroidered Balochi Dress,,3450.0,4500.0,3450.0,PKR,True,Balochi Dresses | Embroidered Dresses,https://sindhhandicrafts.com/product/new-balochi-design/,,"New Balochi Design in Dress Unstitched Embroidery Type: Balochi Hand Embroidered Material : Soft Cotton (Shirt, Trouser) with Chiffon (Dupatta) 3 Piece. Shirt, Trouser and Dupatta. Size Dupatta 2.5 yards Trouser 2.5 yards Shirt 2.5 yards Disclaimer– Due to differences in screen settings across devices as well as photographic lighting sources, actual colors of the product might slightly vary compared to how they are visible on your screen",https://sindhhandicrafts.com/wp-content/uploads/2026/05/3pc-Hand-Embroidered-Balochi-Dress-13.jpg?v=1777782423,
8079,3 Piece Stylish Embroidered Dress,,3800.0,5000.0,3800.0,PKR,True,Embroidered Dresses,https://sindhhandicrafts.com/product/black-embroidered-dress/,,"Black Embroidered Dress for Women Unstitched Embroidery Type: Machine Embroidered Material : Lawn (Shirt, Trouser) with Chiffon (Dupatta) 3 Piece. Shirt, Trouser and Dupatta. Size Dupatta 2.5 yards Trouser 2.5 yards Shirt 2.5 yards Disclaimer– Due to differences in screen settings across devices as well as photographic lighting sources, actual colors of the product might slightly vary compared to how they are visible on your screen",https://sindhhandicrafts.com/wp-content/uploads/2025/07/3-Piece-Embroidered-Dress-for-Women-26.jpg?v=1753178079,
8080,3 Piece Classic Embroidered Dress,,3800.0,5000.0,3800.0,PKR,True,Embroidered Dresses,https://sindhhandicrafts.com/product/sindhi-dress-for-girls/,,"Sindhi Dress for Girls with Modern Touch Unstitched Embroidery Type: Fine Detail Work with Machine Embroidery Material : Superior Quality Soft Cotton (Lawn + Cotton) 3 Piece. Kameez, Shalwar and Dupatta. Size Dupatta 2.5 yards Shalwar 2.5 yards Kameez 2.5 yards Disclaimer– Due to differences in screen settings across devices as well as photographic lighting sources, actual colors of the product might slightly vary compared to how they are visible on your screen",https://sindhhandicrafts.com/wp-content/uploads/2024/01/3-Piece-Embroidered-Dress-for-Women-32.jpg?v=1777699026,
8025,3 Piece Sequin Dress,,3800.0,5000.0,3800.0,PKR,True,Embroidered Dresses,https://sindhhandicrafts.com/product/black-sequin-dress/,,"Black Sequin Dress for Women Unstitched Embroidery Type: Classy Sequin Work Fabric : Soft Cotton Shirt and Trouser with Chiffon Dupatta 3 Piece. Shirt, Trouser and Dupatta. Size Dupatta 2.5 yards Trouser 2.5 yards Shirt 2.5 yards Disclaimer– Due to differences in screen settings across devices as well as photographic lighting sources, actual colors of the product might slightly vary compared to how they are visible on your screen",https://sindhhandicrafts.com/wp-content/uploads/2026/04/Sequin-Work-Dress-2.jpg?v=1777197010,
8024,3 Piece Sequin Dress,,3800.0,5000.0,3800.0,PKR,True,Embroidered Dresses,https://sindhhandicrafts.com/product/sequin-dress/,,"Stylish Sequin Dress for Women Unstitched Embroidery Type: Classy Sequin Work Fabric : Soft Cotton Shirt and Trouser with Chiffon Dupatta 3 Piece. Shirt, Trouser and Dupatta. Size Dupatta 2.5 yards Trouser 2.5 yards Shirt 2.5 yards Disclaimer– Due to differences in screen settings across devices as well as photographic lighting sources, actual colors of the product might slightly vary compared to how they are visible on your screen",https://sindhhandicrafts.com/wp-content/uploads/2026/04/Sequin-Work-Dress-1.jpg?v=1777197006,
7694,3 Piece Premium Hand Embroidered Dress,,4200.0,5500.0,4200.0,PKR,True,Embroidered Dresses,https://sindhhandicrafts.com/product/hand-embroidered-dress/,,"Hand Embroidered Dress for Women Unstitched Embroidery Type: Hand Embroidered Material : Lawn (Shirt, Trouser) with Chiffon (Dupatta) 3 Piece. Shirt, Trouser and Dupatta. Size Dupatta 2.5 yards Trouser 2.5 yards Shirt 2.5 yards Disclaimer– Due to differences in screen settings across devices as well as photographic lighting sources, actual colors of the product might slightly vary compared to how they are visible on your screen",https://sindhhandicrafts.com/wp-content/uploads/2025/12/3pc-Hand-Embroidered-Suit-36.jpg?v=1766654951,
7692,3 Piece Premium Hand Embroidered Dress,,4200.0,5500.0,4200.0,PKR,True,Embroidered Dresses,https://sindhhandicrafts.com/product/hand-work-dress-designs/,,"Aesthetic Hand Work Dress Designs for Women Unstitched Embroidery Type: Hand Embroidered Material : Lawn (Shirt, Trouser) with Chiffon (Dupatta) 3 Piece. Shirt, Trouser and Dupatta. Size Dupatta 2.5 yards Trouser 2.5 yards Shirt 2.5 yards Disclaimer– Due to differences in screen settings across devices as well as photographic lighting sources, actual colors of the product might slightly vary compared to how they are visible on your screen",https://sindhhandicrafts.com/wp-content/uploads/2025/12/3pc-Hand-Embroidered-Suit-38.jpg?v=1766652369,
7681,3 Piece Chunri Hurmicho Embroidered Dress,,3800.0,5000.0,3800.0,PKR,True,Embroidered Dresses,https://sindhhandicrafts.com/product/sindhi-chunri-dresses/,,"Sindhi Chunri Dresses with Traditional Embroidery Unstitched Embroidery Type: Hurmicho (Zari Mirror + Neckline Embroidery) Print: Chunri-Style Printed Design Material : Soft Cotton 3 Piece. Shirt, Trouser and Dupatta. Size Dupatta 2.5 yards Trouser 2.5 yards Shirt 2.5 yards Disclaimer– Due to differences in screen settings across devices as well as photographic lighting sources, actual colors of the product might slightly vary compared to how they are visible on your screen",https://sindhhandicrafts.com/wp-content/uploads/2025/12/Sindhi-Chunri-Embroidered-Dress-1.jpg?v=1766646994,
7670,3 Piece Premium Hand Embroidered Dress,,4200.0,5500.0,4200.0,PKR,True,Embroidered Dresses,https://sindhhandicrafts.com/product/hand-made-work-dress/,,"Hand Made Work Dress for Women Unstitched Embroidery Type: Hand Embroidered Material : Lawn (Shirt, Trouser) with Chiffon (Dupatta) 3 Piece. Shirt, Trouser and Dupatta. Size Dupatta 2.5 yards Trouser 2.5 yards Shirt 2.5 yards Disclaimer– Due to differences in screen settings across devices as well as photographic lighting sources, actual colors of the product might slightly vary compared to how they are visible on your screen",https://sindhhandicrafts.com/wp-content/uploads/2025/12/3pc-Hand-Embroidered-Suit-35.jpg?v=1766641934,
7365,Stylish Embroidered Chadar,,2650.0,3500.0,2650.0,PKR,True,Embroidered Chadar for Women,https://sindhhandicrafts.com/product/cross-stitch-chadar/,,"Charming Cross Stitch Chadar for Women Fine Embroidered Pattern Foil work Fabric: Lawn Size LxW Approx: 7.5 ft × 4.5 ft Disclaimer– Due to difference in screen settings across devices as well as photographic lighting sources, actual colors of the product might slightly vary compared to how they are visible on your screen.",https://sindhhandicrafts.com/wp-content/uploads/2025/11/Embroidered-Chadar-45.jpg?v=1763313141,
7262,Fancy Embroidered Chadar,,2450.0,3500.0,2450.0,PKR,True,Embroidered Chadar for Women,https://sindhhandicrafts.com/product/fancy-embroidered-chadar/,,"Fancy Embroidered Chadar for Ladies Size LxW Approx: 7 ft × 4 ft Aari Work Embroidered Chadar 9mm Work Fabric: Swiss Lawn Disclaimer– Due to difference in screen settings across devices as well as photographic lighting sources, actual colors of the product might slightly vary compared to how they are visible on your screen.",https://sindhhandicrafts.com/wp-content/uploads/2025/10/Embroidered-Chadar-69.jpg?v=1761632494,
7227,Refined Handmade Cut Work Chadar,,3750.0,5000.0,3750.0,PKR,False,Embroidered Chadar for Women,https://sindhhandicrafts.com/product/handmade-cut-work-chadar/,,"Graceful Handmade Cut Work Chadar for Women Size LxW Approx: 7 ft × 4.5 ft Fully Hand Embroidered Artistic Cut Work Fabric: Swiss Voile Disclaimer– Due to difference in screen settings across devices as well as photographic lighting sources, actual colors of the product might slightly vary compared to how they are visible on your screen.",https://sindhhandicrafts.com/wp-content/uploads/2025/10/Hand-Embroidered-Chadar-83a.jpg?v=1761548412 | https://sindhhandicrafts.com/wp-content/uploads/2025/10/Hand-Embroidered-Chadar-83b.jpg?v=1761548416,
7088,Stylish Cross Stitch Chadar,,2650.0,3500.0,2650.0,PKR,True,Embroidered Chadar for Women,https://sindhhandicrafts.com/product/ladies-chadar-design/,,"Classy Embroidered Ladies Chadar Design for Women Cross Stitch Work Elegant Embroidery Pattern Fabric: Swiss Lawn Size LxW Approx: 7.5 ft × 4.5 ft Disclaimer– Due to difference in screen settings across devices as well as photographic lighting sources, actual colors of the product might slightly vary compared to how they are visible on your screen.",https://sindhhandicrafts.com/wp-content/uploads/2023/12/Cross-Stitch-Embroidered-Chadar-17.jpg?v=1777630746,
6783,Exclusive Hand Embroidered Chadar,,3750.0,5000.0,3750.0,PKR,True,Embroidered Chadar for Women,https://sindhhandicrafts.com/product/white-hand-embroidered-chadar/,,"Premium White Hand Embroidered Chadar for Women Fully Hand Embroidered Artistic Mirror work Fabric: Chiffon Size LxW Approx: 7.5 ft × 4.25 ft Disclaimer– Due to difference in screen settings across devices as well as photographic lighting sources, actual colors of the product might slightly vary compared to how they are visible on your screen.",https://sindhhandicrafts.com/wp-content/uploads/2025/08/Hand-Embroidered-Chadar-75a.jpg?v=1761033566 | https://sindhhandicrafts.com/wp-content/uploads/2025/08/Hand-Embroidered-Chadar-75b.jpg?v=1761033570,
6649,Delicate Hand Embroidered Chadar,,4500.0,6000.0,4500.0,PKR,True,Embroidered Chadar for Women,https://sindhhandicrafts.com/product/chadar-hand-embroidery/,,"Premium Chadar Hand Embroidery Design for Ladies Size LxW Approx: 7 ft × 4.5 ft Fully Hand Embroidered – Artistic Work Handcrafted mirror work Fabric: Premium Quality Chiffon Disclaimer– Due to difference in screen settings across devices as well as photographic lighting sources, actual colors of the product might slightly vary compared to how they are visible on your screen.",https://sindhhandicrafts.com/wp-content/uploads/2025/08/Premium-Hand-Embroidered-Chadar-10a.jpg?v=1754158027,
6650,Delicate Hand Embroidered Chadar,,4500.0,6000.0,4500.0,PKR,True,Embroidered Chadar for Women,https://sindhhandicrafts.com/product/handmade-embroidery-chadar-designs/,,"Sindhi Handmade Embroidery Chadar Designs for Ladies Size LxW Approx: 7 ft × 4.5 ft Fully Hand Embroidered – Artistic Work Handcrafted mirror work Fabric: Premium Quality Chiffon Disclaimer– Due to difference in screen settings across devices as well as photographic lighting sources, actual colors of the product might slightly vary compared to how they are visible on your screen.",https://sindhhandicrafts.com/wp-content/uploads/2025/08/Premium-Hand-Embroidered-Chadar-9a.jpg?v=1754158019 | https://sindhhandicrafts.com/wp-content/uploads/2025/08/Premium-Hand-Embroidered-Chadar-9b.jpg?v=1754158023,
6631,Classic Black Chadar,,2250.0,3000.0,2250.0,PKR,True,Embroidered Chadar for Women,https://sindhhandicrafts.com/product/black-chadar-online/,,"Sophisticated Black Chadar Online for Women Size LxW Approx: 7.5 ft × 4.25 ft Lightweight Stuff with Beautiful Stone Work Classic Wear Fabric: Korean Georgette Disclaimer– Due to difference in screen settings across devices as well as photographic lighting sources, actual colors of the product might slightly vary compared to how they are visible on your screen.",https://sindhhandicrafts.com/wp-content/uploads/2025/07/Black-Embroidered-Chadar-4.jpg?v=1753701517,
6521,Delicate Hand Embroidered Chadar,,4500.0,6000.0,4500.0,PKR,True,Embroidered Chadar for Women,https://sindhhandicrafts.com/product/hand-embroidery-work-chadar/,,"Unique Hand Embroidery Work Chadar for Ladies Size LxW Approx: 7 ft × 4.5 ft Fully Hand Embroidered – Artistic Work Handcrafted mirror work Fabric: Premium Quality Chiffon Disclaimer– Due to difference in screen settings across devices as well as photographic lighting sources, actual colors of the product might slightly vary compared to how they are visible on your screen.",https://sindhhandicrafts.com/wp-content/uploads/2025/07/Premium-Hand-Embroidered-Chadar-6a.jpg?v=1752838699 | https://sindhhandicrafts.com/wp-content/uploads/2025/07/Premium-Hand-Embroidered-Chadar-6b.jpg?v=1752838703,
6520,Delicate Hand Embroidered Chadar,,4500.0,6000.0,4500.0,PKR,True,Embroidered Chadar for Women,https://sindhhandicrafts.com/product/sindhi-hand-embroidery-chadar/,,"Sindhi Hand Embroidery Chadar for Ladies Size LxW Approx: 7 ft × 4.5 ft Fully Hand Embroidered – Artistic Work Handcrafted mirror work Fabric: Premium Quality Chiffon Disclaimer– Due to difference in screen settings across devices as well as photographic lighting sources, actual colors of the product might slightly vary compared to how they are visible on your screen.",https://sindhhandicrafts.com/wp-content/uploads/2025/07/Premium-Hand-Embroidered-Chadar-5a.jpg?v=1752838690 | https://sindhhandicrafts.com/wp-content/uploads/2025/07/Premium-Hand-Embroidered-Chadar-5b.jpg?v=1752838695,
7353,3 Piece Hand Embroidered Balochi Dress,,4500.0,6000.0,4500.0,PKR,True,Balochi Dresses | Embroidered Dresses,https://sindhhandicrafts.com/product/balochi-embroidery-dress/,,"Graceful Balochi Embroidery Dress for Women Unstitched Embroidery Type: Balochi Hand Embroidered Material : Soft Cotton (Shirt, Trouser) with Chiffon (Dupatta) 3 Piece. Shirt, Trouser and Dupatta. Size Dupatta 2.5 yards Trouser 2.5 yards Shirt 2.5 yards Disclaimer– Due to differences in screen settings across devices as well as photographic lighting sources, actual colors of the product might slightly vary compared to how they are visible on your screen",https://sindhhandicrafts.com/wp-content/uploads/2025/11/3pc-Hand-Embroidered-Balochi-Dress-10.jpg?v=1763227211,
7172,2 Piece Balochi Embroidered Dress,,2950.0,4000.0,2950.0,PKR,True,Balochi Dresses | Embroidered Dresses,https://sindhhandicrafts.com/product/baloch-dress-female/,,"Stunning Baloch Dress Female Unstitched Embroidery Type: Balochi Embroidery Print Type: Trendy Design Fabric: Lawn Size Shalwar 2.5 yards Kameez 2.5 yards Disclaimer– Due to differences in screen settings across devices as well as photographic lighting sources, actual colors of the product might slightly vary compared to how they are visible on your screen",https://sindhhandicrafts.com/wp-content/uploads/2025/10/2-Piece-Lawn-Embroidered-Dress-for-Women-6.jpg?v=1761304381,
7173,2 Piece Balochi Embroidered Dress,,2950.0,4000.0,2950.0,PKR,True,Balochi Dresses | Embroidered Dresses,https://sindhhandicrafts.com/product/balochi-women-dress/,,"Graceful Balochi Women Dress Unstitched Embroidery Type: Balochi Embroidery Print Type: Trendy Design Fabric: Lawn Size Shalwar 2.5 yards Kameez 2.5 yards Disclaimer– Due to differences in screen settings across devices as well as photographic lighting sources, actual colors of the product might slightly vary compared to how they are visible on your screen",https://sindhhandicrafts.com/wp-content/uploads/2025/10/2-Piece-Lawn-Embroidered-Dress-for-Women-5.jpg?v=1761304376,
7174,2 Piece Balochi Embroidered Dress,,2950.0,4000.0,2950.0,PKR,True,Balochi Dresses | Embroidered Dresses,https://sindhhandicrafts.com/product/balochi-shalwar-kameez/,,"Charming Balochi Shalwar Kameez for Women Unstitched Embroidery Type: Balochi Embroidery Print Type: Trendy Design Fabric: Lawn Size Shalwar 2.5 yards Kameez 2.5 yards Disclaimer– Due to differences in screen settings across devices as well as photographic lighting sources, actual colors of the product might slightly vary compared to how they are visible on your screen",https://sindhhandicrafts.com/wp-content/uploads/2025/10/2-Piece-Lawn-Embroidered-Dress-for-Women-4.jpg?v=1761304371,
7168,3 Piece Hand Embroidered Balochi Dress,,3450.0,4500.0,3450.0,PKR,False,Balochi Dresses | Embroidered Dresses,https://sindhhandicrafts.com/product/balochi-dress-new-design/,,"Balochi Dress New Design for Women Unstitched Embroidery Type: Balochi Hand Embroidered Material : Khadi Cotton 3 Piece. Shirt, Trouser and Dupatta. Size Dupatta 2.5 yards Trouser 2.5 yards Shirt 2.5 yards Disclaimer– Due to differences in screen settings across devices as well as photographic lighting sources, actual colors of the product might slightly vary compared to how they are visible on your screen",https://sindhhandicrafts.com/wp-content/uploads/2025/10/3pc-Hand-Embroidered-Balochi-Dress-12.jpg?v=1761297012,
7167,3 Piece Hand Embroidered Balochi Dress,,3450.0,4500.0,3450.0,PKR,True,Balochi Dresses | Embroidered Dresses,https://sindhhandicrafts.com/product/balochi-dress-girl/,,"State of the Art Balochi Dress Girl Unstitched Embroidery Type: Balochi Hand Embroidered Material : Soft Cotton (Shirt, Trouser) with Chiffon (Dupatta) 3 Piece. Shirt, Trouser and Dupatta. Size Dupatta 2.5 yards Trouser 2.5 yards Shirt 2.5 yards Disclaimer– Due to differences in screen settings across devices as well as photographic lighting sources, actual colors of the product might slightly vary compared to how they are visible on your screen",https://sindhhandicrafts.com/wp-content/uploads/2025/10/3pc-Hand-Embroidered-Balochi-Dress-11.jpg?v=1761297007,
7166,3 Piece Hand Embroidered Balochi Dress,,3450.0,4500.0,3450.0,PKR,True,Balochi Dresses | Embroidered Dresses,https://sindhhandicrafts.com/product/balochi-embroidery-suits/,,"Fascinating Balochi Embroidery Suit for Women Unstitched Embroidery Type: Balochi Hand Embroidered Material : Soft Cotton (Shirt, Trouser) with Chiffon (Dupatta) 3 Piece. Shirt, Trouser and Dupatta. Size Dupatta 2.5 yards Trouser 2.5 yards Shirt 2.5 yards Disclaimer– Due to differences in screen settings across devices as well as photographic lighting sources, actual colors of the product might slightly vary compared to how they are visible on your screen",https://sindhhandicrafts.com/wp-content/uploads/2025/10/3pc-Hand-Embroidered-Balochi-Dress-10.jpg?v=1761297004,
6553,2 Piece Balochi Embroidered Dress,,2950.0,4000.0,2950.0,PKR,True,Balochi Dresses | Embroidered Dresses,https://sindhhandicrafts.com/product/balochi-design-suit/,,"Exquisite Balochi Design Suit for Women Unstitched Embroidery Type: Balochi Embroidery Print Type: Trendy Design Fabric: Lawn Size Shalwar 2.5 yards Kameez 2.5 yards Disclaimer– Due to differences in screen settings across devices as well as photographic lighting sources, actual colors of the product might slightly vary compared to how they are visible on your screen",https://sindhhandicrafts.com/wp-content/uploads/2025/07/2-Piece-Lawn-Embroidered-Dress-for-Women-3.jpg?v=1752957902,
8050,3 Piece Floral Design Block Print Suit,,3150.0,4000.0,3150.0,PKR,True,Block Print Dresses,https://sindhhandicrafts.com/product/block-print-dresses-online/,,"Sindhi Block Print Dresses Online 3 Piece. Shirt, Trouser and Dupatta Unstitched Print Type: Block Print Fabric : Soft Cotton Size Approx: Dupatta 2.5 yards Shalwar 2.75 yards Kameez 2.75 yards Disclaimer– Due to differences in screen settings across devices as well as photographic lighting sources, actual colors of the product might slightly vary compared to how they are visible on your screen",https://sindhhandicrafts.com/wp-content/uploads/2026/04/Block-Print-Dress-4.jpg?v=1777403773,
8049,3 Piece Floral Design Block Print Suit,,3150.0,4000.0,3150.0,PKR,True,Block Print Dresses,https://sindhhandicrafts.com/product/block-print-suits-online/,,"Classy Block Print Suits Online 3 Piece. Shirt, Trouser and Dupatta Unstitched Print Type: Block Print Fabric : Soft Cotton Size Approx: Dupatta 2.5 yards Shalwar 2.75 yards Kameez 2.75 yards Disclaimer– Due to differences in screen settings across devices as well as photographic lighting sources, actual colors of the product might slightly vary compared to how they are visible on your screen",https://sindhhandicrafts.com/wp-content/uploads/2026/04/Block-Print-Dress-3.jpg?v=1777403769,
8048,3 Piece Floral Design Block Print Suit,,3150.0,4000.0,3150.0,PKR,True,Block Print Dresses,https://sindhhandicrafts.com/product/block-print-suit-design/,,"Stylish Block Print Suit Design 3 Piece. Shirt, Trouser and Dupatta Unstitched Print Type: Block Print Fabric : Soft Cotton Size Approx: Dupatta 2.5 yards Shalwar 2.75 yards Kameez 2.75 yards Disclaimer– Due to differences in screen settings across devices as well as photographic lighting sources, actual colors of the product might slightly vary compared to how they are visible on your screen",https://sindhhandicrafts.com/wp-content/uploads/2026/04/Block-Print-Dress-2.jpg?v=1777402916,
8045,3 Piece Floral Design Block Print Suit,,3150.0,4000.0,3150.0,PKR,True,Block Print Dresses,https://sindhhandicrafts.com/product/block-print-suit/,,"Traditional Block Print Suit 3 Piece. Shirt, Trouser and Dupatta Unstitched Print Type: Block Print Fabric : Soft Cotton Size Approx: Dupatta 2.5 yards Shalwar 2.75 yards Kameez 2.75 yards Disclaimer– Due to differences in screen settings across devices as well as photographic lighting sources, actual colors of the product might slightly vary compared to how they are visible on your screen",https://sindhhandicrafts.com/wp-content/uploads/2026/04/Block-Print-Dress-1.jpg?v=1777401301,
5055,3 Piece Ajrak Design Block Print Suit,,2950.0,4000.0,2950.0,PKR,True,Block Print Dresses,https://sindhhandicrafts.com/product/sindhi-traditional-dress/,,"Sindhi Traditional Dress – Block Print Dresses 3 Piece. Kameez, Shalwar and Dupatta. Unstitched Print Type: Machine Block Print Faux Mirror Work Material : Cotton Size Approx: Dupatta 2.5 yards Shalwar 2.75 yards Kameez 2.75 yards Disclaimer– Due to differences in screen settings across devices as well as photographic lighting sources, actual colors of the product might slightly vary compared to how they are visible on your screen",https://sindhhandicrafts.com/wp-content/uploads/2024/11/3pc-Ajrak-Suit-9.jpg?v=1741108953,
5054,3 Piece Ajrak Design Block Print Suit,,2950.0,4000.0,2950.0,PKR,False,Block Print Dresses,https://sindhhandicrafts.com/product/sindhi-culture-dress/,,"Sindhi Culture Dress – Block Print Dresses 3 Piece. Kameez, Shalwar and Dupatta. Unstitched Print Type: Machine Block Print Faux Mirror Work Material : Cotton Size Approx: Dupatta 2.5 yards Shalwar 2.75 yards Kameez 2.75 yards Disclaimer– Due to differences in screen settings across devices as well as photographic lighting sources, actual colors of the product might slightly vary compared to how they are visible on your screen",https://sindhhandicrafts.com/wp-content/uploads/2024/01/3pc-Ajrak-Suit-13.jpg?v=1748354752,
3367,1 Piece Stylish Block Print Dress,,1400.0,2000.0,1400.0,PKR,True,Block Print Dresses,https://sindhhandicrafts.com/product/hand-block-print-dress/,,"Summer Lawn- Hand Block Print Dress Unstitched Print Type: Block Print Material : Lawn 1 Piece. Kameez Size: 2.5 yards Disclaimer– Due to differences in screen settings across devices as well as photographic lighting sources, actual colors of the product might slightly vary compared to how they are visible on your screen",https://sindhhandicrafts.com/wp-content/uploads/2024/01/1pc-Lawn-Block-Print-8-1.jpg?v=1730258175,
3366,1 Piece Stylish Block Print Dress,,1400.0,2000.0,1400.0,PKR,True,Block Print Dresses,https://sindhhandicrafts.com/product/block-dress-design/,,"Summer Lawn- Block Dress Design Unstitched Print Type: Block Print Material : Lawn 1 Piece. Kameez Size: 2.5 yards Disclaimer– Due to differences in screen settings across devices as well as photographic lighting sources, actual colors of the product might slightly vary compared to how they are visible on your screen",https://sindhhandicrafts.com/wp-content/uploads/2024/01/1pc-Lawn-Block-Print-7-1.jpg?v=1730258174,
3365,1 Piece Stylish Block Print Dress,,1400.0,2000.0,1400.0,PKR,True,Block Print Dresses,https://sindhhandicrafts.com/product/block-print-design-dress/,,"Summer Lawn- Block Print Design Dress Unstitched Print Type: Block Print Material : Lawn 1 Piece. Kameez Size: 2.5 yards Disclaimer– Due to differences in screen settings across devices as well as photographic lighting sources, actual colors of the product might slightly vary compared to how they are visible on your screen",https://sindhhandicrafts.com/wp-content/uploads/2024/01/1pc-Lawn-Block-Print-6-1.jpg?v=1730258173,
3364,1 Piece Stylish Block Print Dress,,1400.0,2000.0,1400.0,PKR,True,Block Print Dresses,https://sindhhandicrafts.com/product/block-dress-pattern/,,"Summer Lawn- Block Dress Pattern Unstitched Print Type: Block Print Material : Lawn 1 Piece. Kameez Size: 2.5 yards Disclaimer– Due to differences in screen settings across devices as well as photographic lighting sources, actual colors of the product might slightly vary compared to how they are visible on your screen",https://sindhhandicrafts.com/wp-content/uploads/2024/01/1pc-Lawn-Block-Print-5-1.jpg?v=1730258172,
8043,2 Piece Floral Design Lawn,,2950.0,4000.0,2950.0,PKR,True,Stylish Lawn Dress Design,https://sindhhandicrafts.com/product/printed-lawn-dress/,,"Beautifully Printed Lawn Dress for Women Unstitched Type: Floral Print Fabric : Premium Quality Pure Lawn 2 Piece Kameez, Shalwar Size: 5 yards Disclaimer– Due to differences in screen settings across devices as well as photographic lighting sources, actual colors of the product might slightly vary compared to how they are visible on your screen",https://sindhhandicrafts.com/wp-content/uploads/2026/04/2pc-Lawn-13.jpg?v=1777392614,
5652,2 Piece Floral Design Lawn,,2950.0,4000.0,2950.0,PKR,True,Stylish Lawn Dress Design,https://sindhhandicrafts.com/product/lawn-suit/,,"Trendy Lawn Suit for Women Unstitched Type: Floral Print Fabric : Premium Quality Pure Lawn 2 Piece Kameez, Shalwar Size: 5 yards Disclaimer– Due to differences in screen settings across devices as well as photographic lighting sources, actual colors of the product might slightly vary compared to how they are visible on your screen",https://sindhhandicrafts.com/wp-content/uploads/2025/03/2pc-Lawn-12.jpg?v=1777392151,
3480,3 Piece Linen Embroidered Suit,,2950.0,4000.0,2950.0,PKR,True,Stylish Lawn Dress Design,https://sindhhandicrafts.com/product/embroidered-linen-fabric-dress/,,"Summer Embroidered Linen Fabric Dress for Women Unstitched Embroidery Type: Machine Embroidered 3 Piece. Kameez, Shalwar and Dupatta. Size: Dupatta 2.6 yards Shalwar 2.6 yards Kameez 2.75 yards Disclaimer– Due to differences in screen settings across devices as well as photographic lighting sources, actual colors of the product might slightly vary compared to how they are visible on your screen",https://sindhhandicrafts.com/wp-content/uploads/2024/01/3pc-Linen-Embroidered-Suit-3aa.jpg?v=1741361448,
3479,3 Piece Linen Embroidered Suit,,2950.0,4000.0,2950.0,PKR,True,Stylish Lawn Dress Design,https://sindhhandicrafts.com/product/linen-suit/,,"Summer Linen Suit for Women Unstitched Embroidery Type: Machine Embroidered 3 Piece. Kameez, Shalwar and Dupatta. Size: Dupatta 2.6 yards Shalwar 2.6 yards Kameez 2.75 yards Disclaimer– Due to differences in screen settings across devices as well as photographic lighting sources, actual colors of the product might slightly vary compared to how they are visible on your screen",https://sindhhandicrafts.com/wp-content/uploads/2024/01/3pc-Linen-Embroidered-Suit-2aa.jpg?v=1741361444,
3473,3 Piece Linen Embroidered Suit,,2950.0,4000.0,2950.0,PKR,True,Stylish Lawn Dress Design,https://sindhhandicrafts.com/product/linen-dress-design/,,"Summer Linen Dress Design for Women Unstitched Embroidery Type: Machine Embroidered 3 Piece. Kameez, Shalwar and Dupatta. Size: Dupatta 2.6 yards Shalwar 2.6 yards Kameez 2.75 yards Disclaimer– Due to differences in screen settings across devices as well as photographic lighting sources, actual colors of the product might slightly vary compared to how they are visible on your screen",https://sindhhandicrafts.com/wp-content/uploads/2024/01/3pc-Linen-Embroidered-Suit-1a.jpg?v=1741360900,
3472,3 Piece Ajrak Design Suit Lawn,,3800.0,5000.0,3800.0,PKR,True,Stylish Lawn Dress Design,https://sindhhandicrafts.com/product/ajrak-lawn-suit-design/,,"Ajrak Lawn Suit Design for Women Unstitched Type: Ajrak Print Beautiful Sitara Work Fabric : Lawn 3 Piece. Kameez, Shalwar and Dupatta. Size: Dupatta 2.5 yards Shalwar 2.5 yards Kameez 2.5 yards Disclaimer– Due to differences in screen settings across devices as well as photographic lighting sources, actual colors of the product might slightly vary compared to how they are visible on your screen",https://sindhhandicrafts.com/wp-content/uploads/2024/01/3pc-Lawn-Ajrak-Design-Suit-2.jpg?v=1763225286,
3469,3 Piece Block Print Dress Lawn,,3200.0,4250.0,3200.0,PKR,True,Stylish Lawn Dress Design,https://sindhhandicrafts.com/product/printed-lawn-suits/,,"Printed Lawn Suits Design for Women Unstitched Type: Block Print Material : Premium Quality Lawn 3 Piece. Kameez, Shalwar and Dupatta. Size: Dupatta 2.6 yards Shalwar 2.6 yards Kameez 2.75 yards Disclaimer– Due to differences in screen settings across devices as well as photographic lighting sources, actual colors of the product might slightly vary compared to how they are visible on your screen",https://sindhhandicrafts.com/wp-content/uploads/2024/01/3-Piece-Lawn-Dress-for-Women-2.jpg?v=1744866279,
3471,2 Piece Stylish Design Lawn,,2200.0,3500.0,2200.0,PKR,False,Stylish Lawn Dress Design,https://sindhhandicrafts.com/product/lawn-suit-sale/,,"Summer Lawn Suit Sale Unstitched Type: Floral Print Material : Lawn 2 Piece Kameez, Shalwar Size: 5 yards Disclaimer– Due to differences in screen settings across devices as well as photographic lighting sources, actual colors of the product might slightly vary compared to how they are visible on your screen",https://sindhhandicrafts.com/wp-content/uploads/2024/01/2pc-Lawn-8.jpg?v=1753266377,
3470,2 Piece Stylish Design Lawn,,2200.0,3500.0,2200.0,PKR,True,Stylish Lawn Dress Design,https://sindhhandicrafts.com/product/2-piece-lawn-suit/,,"Summer 2 Piece Lawn Suit Design for Women Unstitched Type: Floral Print Material : Lawn 2 Piece Kameez, Shalwar Size: 5 yards Disclaimer– Due to differences in screen settings across devices as well as photographic lighting sources, actual colors of the product might slightly vary compared to how they are visible on your screen",https://sindhhandicrafts.com/wp-content/uploads/2024/01/2pc-Lawn-1-1.jpg?v=1730258169,
3463,2 Piece Floral Design Lawn,,2200.0,3500.0,2200.0,PKR,False,Stylish Lawn Dress Design,https://sindhhandicrafts.com/product/lawn-dresses-sale/,,"Floral Lawn Dresses Sale for Women Unstitched Type: Floral Print Material : Marina 2 Piece Kameez, Shalwar Size: 5 yards Disclaimer– Due to differences in screen settings across devices as well as photographic lighting sources, actual colors of the product might slightly vary compared to how they are visible on your screen",https://sindhhandicrafts.com/wp-content/uploads/2024/01/1pc-Lawn-100.jpg?v=1754904385,
7591,Sindhi Balochi Embroidered Neck Design (Large),,1200.0,2000.0,1200.0,PKR,True,Embroidered Neck Design &amp; Cuff Sets,https://sindhhandicrafts.com/product/fancy-gala-design/,,"Fancy Gala Design Traditional Embroidery Neckline Design Zari Work Machine Made Size: Large Disclaimer– Due to differences in screen settings across devices as well as photographic lighting sources, actual colors of the product might slightly vary compared to how they are visible on your screen",https://sindhhandicrafts.com/wp-content/uploads/2025/10/Sindhi-Balochi-Neck-Design-1.jpg?v=1765731779,
7590,Sindhi Balochi Embroidered Neck Design (Large),,1200.0,2000.0,1200.0,PKR,True,Embroidered Neck Design &amp; Cuff Sets,https://sindhhandicrafts.com/product/sindhi-balochi-gala/,,"Sindhi Balochi Gala Traditional Embroidery Neckline Design Zari Work Machine Made Size: Large Disclaimer– Due to differences in screen settings across devices as well as photographic lighting sources, actual colors of the product might slightly vary compared to how they are visible on your screen",https://sindhhandicrafts.com/wp-content/uploads/2025/10/Sindhi-Balochi-Neck-Design-2.jpg?v=1765731783,
7589,Sindhi Balochi Embroidered Neck Design (Large),,1200.0,2000.0,1200.0,PKR,True,Embroidered Neck Design &amp; Cuff Sets,https://sindhhandicrafts.com/product/sindhi-balochi-neckline/,,"Traditional Sindhi Balochi Neckline Traditional Embroidery Neckline Design Zari Work Machine Made Size: Large Disclaimer– Due to differences in screen settings across devices as well as photographic lighting sources, actual colors of the product might slightly vary compared to how they are visible on your screen",https://sindhhandicrafts.com/wp-content/uploads/2025/10/Sindhi-Balochi-Neck-Design-3.jpg?v=1765731787,
7106,Embroidered Neck Design with Mirror work &#038; Cuff Set (Large),,1200.0,2000.0,1200.0,PKR,True,Embroidered Neck Design &amp; Cuff Sets,https://sindhhandicrafts.com/product/embroidery-gala-design/,,"Colorful Embroidery Gala Design with Cuff set Hand Embroidered Traditional Embroidery Work Size: Large Disclaimer– Due to differences in screen settings across devices as well as photographic lighting sources, actual colors of the product might slightly vary compared to how they are visible on your screen",https://sindhhandicrafts.com/wp-content/uploads/2025/10/Neck-Design-Large-28.jpg?v=1775753928,
7107,Embroidered Neck Design with Mirror work &#038; Cuff Set (Large),,1200.0,2000.0,1200.0,PKR,True,Embroidered Neck Design &amp; Cuff Sets,https://sindhhandicrafts.com/product/sindhi-gala-embroidery/,,"Sindhi Gala Embroidery (Neck with Cuff set) Hand Embroidered Traditional Embroidery Work Size: Large Disclaimer– Due to differences in screen settings across devices as well as photographic lighting sources, actual colors of the product might slightly vary compared to how they are visible on your screen",https://sindhhandicrafts.com/wp-content/uploads/2025/10/Neck-Design-Large-30.jpg?v=1775754257,
7105,Embroidered Neck Design with Mirror work &#038; Cuff Set (Large),,1200.0,2000.0,1200.0,PKR,True,Embroidered Neck Design &amp; Cuff Sets,https://sindhhandicrafts.com/product/sindhi-gala-design/,,"Exclusive Sindhi Gala Design with Cuff set Hand Embroidered Traditional Embroidery Work Size: Large Disclaimer– Due to differences in screen settings across devices as well as photographic lighting sources, actual colors of the product might slightly vary compared to how they are visible on your screen",https://sindhhandicrafts.com/wp-content/uploads/2025/10/Neck-Design-Large-23.jpg?v=1761123473,
7104,Sindhi Balochi Embroidered Neck Design (Large),,1200.0,2000.0,1200.0,PKR,True,Embroidered Neck Design &amp; Cuff Sets,https://sindhhandicrafts.com/product/neck-designs-for-tops/,,"Classic Neck Designs for Tops Traditional Embroidery Neckline Design Zari Work Machine Made Size: Large Disclaimer– Due to differences in screen settings across devices as well as photographic lighting sources, actual colors of the product might slightly vary compared to how they are visible on your screen",https://sindhhandicrafts.com/wp-content/uploads/2025/10/Sindhi-Balochi-Neck-Design-7.jpg?v=1765731804,
7103,Embroidered Neck Design with Mirror work &#038; Cuff Set (Large),,1200.0,2000.0,1200.0,PKR,True,Embroidered Neck Design &amp; Cuff Sets,https://sindhhandicrafts.com/product/neck-line-design/,,"Sindhi Embroidered Neck Line Design Hand Embroidered Traditional Embroidery Work Size: Large Disclaimer– Due to differences in screen settings across devices as well as photographic lighting sources, actual colors of the product might slightly vary compared to how they are visible on your screen",https://sindhhandicrafts.com/wp-content/uploads/2025/10/Neck-Design-Large-25.jpg?v=1761123484,
7102,Sindhi Balochi Embroidered Neck Design (Large),,1200.0,2000.0,1200.0,PKR,True,Embroidered Neck Design &amp; Cuff Sets,https://sindhhandicrafts.com/product/neck-and-sleeves-design/,,"Artistic Neck Design Traditional Embroidery Neckline Design Zari Work Machine Made Size: Large Disclaimer– Due to differences in screen settings across devices as well as photographic lighting sources, actual colors of the product might slightly vary compared to how they are visible on your screen",https://sindhhandicrafts.com/wp-content/uploads/2025/10/Sindhi-Balochi-Neck-Design-8.jpg?v=1765731808,
7101,Sindhi Balochi Embroidered Neck Design (Large),,1200.0,2000.0,1200.0,PKR,True,Embroidered Neck Design &amp; Cuff Sets,https://sindhhandicrafts.com/product/square-neck-design/,,"Graceful Square Neck Designs Traditional Embroidery Neckline Design Zari Work Machine Made Size: Large Disclaimer– Due to differences in screen settings across devices as well as photographic lighting sources, actual colors of the product might slightly vary compared to how they are visible on your screen",https://sindhhandicrafts.com/wp-content/uploads/2025/10/Sindhi-Balochi-Neck-Design-4.jpg?v=1765731791,
7762,Traditional Handmade Rilli Bed Sheet,,3950.0,5000.0,3950.0,PKR,False,Trendy &amp; Versatile Bed Sheets,https://sindhhandicrafts.com/product/rilli-sindhi/,,"Rilli Sindhi Bed Sheets with 2 Pillow Covers Iconic Handicraft of the Region Handmade Rilli (Ralli) Material: Premium Quality Soft Cotton Traditional Pattern Suitable for Double/ King size bed (Unstitched Pillow Covers) Disclaimer– Due to difference in screen settings across devices as well as photographic lighting sources, actual colors of the product might slightly vary compared to how they are visible on your screen.",https://sindhhandicrafts.com/wp-content/uploads/2026/01/Rilli-9a.jpg?v=1777179605 | https://sindhhandicrafts.com/wp-content/uploads/2026/01/Rilli-9b.jpg?v=1777179609,
7316,Traditional Handmade Rilli Bed Sheet,,3950.0,5000.0,3950.0,PKR,True,Trendy &amp; Versatile Bed Sheets,https://sindhhandicrafts.com/product/rilli-work-bed-sheets/,,"Rilli Work Bed Sheets with 2 Pillow Covers Sindhi Culture Reflection Handmade Rilli (Ralli) Material: Premium Quality Soft Cotton Traditional Pattern Suitable for Double/ King size bed (Unstitched Pillow Covers) Disclaimer– Due to difference in screen settings across devices as well as photographic lighting sources, actual colors of the product might slightly vary compared to how they are visible on your screen.",https://sindhhandicrafts.com/wp-content/uploads/2026/01/Rilli-7a.jpg?v=1771955993 | https://sindhhandicrafts.com/wp-content/uploads/2026/01/Rilli-7b.jpg?v=1771955999,
7315,Traditional Handmade Rilli Bed Sheet,,3950.0,5000.0,3950.0,PKR,True,Trendy &amp; Versatile Bed Sheets,https://sindhhandicrafts.com/product/rilli/,,"Sindhi Colorful Rilli Bed Sheet with 2 Pillow Covers Iconic Handicraft Handmade Rilli (Ralli) Material: Premium Quality Soft Cotton Traditional Pattern Suitable for Double/ King size bed (Unstitched Pillow Covers) Disclaimer– Due to difference in screen settings across devices as well as photographic lighting sources, actual colors of the product might slightly vary compared to how they are visible on your screen.",https://sindhhandicrafts.com/wp-content/uploads/2025/11/Rilli-3a.jpg?v=1767774850 | https://sindhhandicrafts.com/wp-content/uploads/2025/11/Rilli-3b.jpg?v=1767774855,
7306,Handmade Applique Work Bed Sheet,,3950.0,5000.0,3950.0,PKR,False,Trendy &amp; Versatile Bed Sheets,https://sindhhandicrafts.com/product/handmade-bedsheet-design/,,"Handmade Bedsheet Design (Applique Work) with 2 Pillow Covers Velvet Applique Hand Work on Bedsheet and Pillow Covers Material: Premium Soft Cotton Suitable for Double/ King size bed Disclaimer– Due to difference in screen settings across devices as well as photographic lighting sources, actual colors of the product might slightly vary compared to how they are visible on your screen.",https://sindhhandicrafts.com/wp-content/uploads/2025/11/Handmade-Bedsheet-13.jpg?v=1767775993 | https://sindhhandicrafts.com/wp-content/uploads/2025/11/Handmade-Bedsheet-13_.jpg?v=1767775998,
7305,Handmade Applique Work Bed Sheet,,3950.0,5000.0,3950.0,PKR,True,Trendy &amp; Versatile Bed Sheets,https://sindhhandicrafts.com/product/velvet-bed-sheet/,,"Handmade Velvet Applique Work Bed Sheets with 2 Pillow Covers Velvet Applique Hand Work on Bedsheet and Pillow Covers Material: Premium Soft Cotton Suitable for Double/ King size bed Disclaimer– Due to difference in screen settings across devices as well as photographic lighting sources, actual colors of the product might slightly vary compared to how they are visible on your screen.",https://sindhhandicrafts.com/wp-content/uploads/2025/11/Handmade-Bedsheet-11a.jpg?v=1762250406 | https://sindhhandicrafts.com/wp-content/uploads/2025/11/Handmade-Bedsheet-11b.jpg?v=1762250410,
7264,Fancy Bed Sheet,,2250.0,3000.0,2250.0,PKR,False,Trendy &amp; Versatile Bed Sheets,https://sindhhandicrafts.com/product/block-print-bed-sheet-design/,,"Lovely Block Print Bed Sheet Design with 2 Pillow Covers Material: Cotton Suitable for Double/ King size bed Size Approx: 96×98 inches Disclaimer– Due to difference in screen settings across devices as well as photographic lighting sources, actual colors of the product might slightly vary compared to how they are visible on your screen.",https://sindhhandicrafts.com/wp-content/uploads/2025/10/Block-Print-Bed-Sheet-20a.jpg?v=1761635842 | https://sindhhandicrafts.com/wp-content/uploads/2025/10/Block-Print-Bed-Sheet-21a.jpg?v=1761635847,
6609,Handmade Applique Work Bed Sheet,,4250.0,5500.0,4250.0,PKR,True,Trendy &amp; Versatile Bed Sheets,https://sindhhandicrafts.com/product/applic-work-bedsheets/,,"Unique Applic Work Bedsheets (with 2 Pillow Covers) Fancy Applique Hand Work on Bedsheet and Pillow Covers Material: Premium Soft Cotton Suitable for Double/ King size bed Disclaimer– Due to difference in screen settings across devices as well as photographic lighting sources, actual colors of the product might slightly vary compared to how they are visible on your screen.",https://sindhhandicrafts.com/wp-content/uploads/2025/07/Applique-Bedsheet-29a.jpg?v=1777180432 | https://sindhhandicrafts.com/wp-content/uploads/2025/07/Applique-Bedsheet-29b.jpg?v=1777180436,
6608,Handmade Applique Work Bed Sheet,,4250.0,5500.0,4250.0,PKR,True,Trendy &amp; Versatile Bed Sheets,https://sindhhandicrafts.com/product/applic-design-bedsheet/,,"Latest Applic Design Bedsheet (with 2 Pillow Covers) Fancy Applique Hand Work on Bedsheet and Pillow Covers Material: Premium Soft Cotton Suitable for Double/ King size bed Disclaimer– Due to difference in screen settings across devices as well as photographic lighting sources, actual colors of the product might slightly vary compared to how they are visible on your screen.",https://sindhhandicrafts.com/wp-content/uploads/2025/07/Applique-Bedsheet-28a.jpg?v=1767854782 | https://sindhhandicrafts.com/wp-content/uploads/2025/07/Applique-Bedsheet-28b.jpg?v=1767854787,
6607,Handmade Applique Work Bed Sheet,,4250.0,5500.0,4250.0,PKR,False,Trendy &amp; Versatile Bed Sheets,https://sindhhandicrafts.com/product/applic-bed-sheet-design/,,"Sindhi Applic Bed Sheet Design (with 2 Pillow Covers) Fancy Applique Hand Work on Bedsheet and Pillow Covers Material: Premium Soft Cotton Suitable for Double/ King size bed Disclaimer– Due to difference in screen settings across devices as well as photographic lighting sources, actual colors of the product might slightly vary compared to how they are visible on your screen.",https://sindhhandicrafts.com/wp-content/uploads/2025/07/Applique-Bedsheet-16a.jpg?v=1753263259 | https://sindhhandicrafts.com/wp-content/uploads/2025/07/Applique-Bedsheet-16b.jpg?v=1753263265,
6606,Handmade Applique Work Bed Sheet,,4250.0,5500.0,4250.0,PKR,False,Trendy &amp; Versatile Bed Sheets,https://sindhhandicrafts.com/product/applique-work-bedsheets/,,"Applique Work Bedsheets (with 2 Pillow Covers) Fancy Applique Hand Work on Bedsheet and Pillow Covers Material: Premium Soft Cotton Suitable for Double/ King size bed Disclaimer– Due to difference in screen settings across devices as well as photographic lighting sources, actual colors of the product might slightly vary compared to how they are visible on your screen.",https://sindhhandicrafts.com/wp-content/uploads/2025/07/Applique-Bedsheet-20a.jpg?v=1761588691 | https://sindhhandicrafts.com/wp-content/uploads/2025/07/Applique-Bedsheet-20b.jpg?v=1761588694,
7043,Wooden Jewelry Box (Large),,1950.0,2500.0,1950.0,PKR,True,Classy Jewelry Boxes,https://sindhhandicrafts.com/product/wooden-jewelry-box-design/,,"Handmade Wooden Jewelry Box Design Lacquer Art Single compartment Size: 5 x 8 inches Disclaimer– Due to difference in screen settings across devices as well as photographic lighting sources, actual colors of the product might slightly vary compared to how they are visible on your screen.",https://sindhhandicrafts.com/wp-content/uploads/2025/10/Jewelry-Box-20a.jpg?v=1759692605 | https://sindhhandicrafts.com/wp-content/uploads/2025/10/Jewelry-Box-20b.jpg?v=1759692608,
6931,Metal Beaded Jewel Case,,1200.0,1500.0,1200.0,PKR,False,Classy Jewelry Boxes,https://sindhhandicrafts.com/product/jewellery-box-online-pakistan/,,"Handcrafted Jewellery Box Online Pakistan Set of 3 Pcs Metal Beaded Unique Gift Size : 3×2 / 2.50×1.50 / 2×1 inches Disclaimer– Due to difference in screen settings across devices as well as photographic lighting sources, actual colors of the product might slightly vary compared to how they are visible on your screen.",https://sindhhandicrafts.com/wp-content/uploads/2024/01/Metal-Beaded-Jewel-Case-4a.jpg?v=1757248491 | https://sindhhandicrafts.com/wp-content/uploads/2024/01/Metal-Beaded-Jewel-Case-4b.jpg?v=1757248495,
6932,Metal Beaded Jewel Case,,1200.0,1500.0,1200.0,PKR,True,Classy Jewelry Boxes,https://sindhhandicrafts.com/product/metal-beaded-jewel-case/,,"Handmade Metal Beaded Jewel Case Set of 3 Pcs Metal Beaded Unique Gift Size : 3×2 / 2.50×1.50 / 2×1 inches Disclaimer– Due to difference in screen settings across devices as well as photographic lighting sources, actual colors of the product might slightly vary compared to how they are visible on your screen.",https://sindhhandicrafts.com/wp-content/uploads/2024/01/Metal-Beaded-Jewel-Case-3a.jpg?v=1757248484 | https://sindhhandicrafts.com/wp-content/uploads/2024/01/Metal-Beaded-Jewel-Case-3b.jpg?v=1757248488,
6933,Metal Beaded Jewel Case,,1200.0,1500.0,1200.0,PKR,True,Classy Jewelry Boxes,https://sindhhandicrafts.com/product/fancy-jewellery-box/,,"Handcrafted Fancy Jewellery Box Pakistan Set of 3 Pcs Metal Beaded Unique Gift Size : 3×2 / 2.50×1.50 / 2×1 inches Disclaimer– Due to difference in screen settings across devices as well as photographic lighting sources, actual colors of the product might slightly vary compared to how they are visible on your screen.",https://sindhhandicrafts.com/wp-content/uploads/2024/01/Metal-Beaded-Jewel-Case-2a.jpg?v=1757248477 | https://sindhhandicrafts.com/wp-content/uploads/2024/01/Metal-Beaded-Jewel-Case-2b.jpg?v=1757248481,
6934,Metal Beaded Jewel Case,,1200.0,1500.0,1200.0,PKR,True,Classy Jewelry Boxes,https://sindhhandicrafts.com/product/jewellery-box-designs-handmade/,,"Jewellery Box Designs Handmade Set of 3 Pcs Metal Beaded Unique Gift Size : 3×2 / 2.50×1.50 / 2×1 inches Disclaimer– Due to difference in screen settings across devices as well as photographic lighting sources, actual colors of the product might slightly vary compared to how they are visible on your screen.",https://sindhhandicrafts.com/wp-content/uploads/2024/01/Metal-Beaded-Jewel-Case-1a.jpg?v=1757248470 | https://sindhhandicrafts.com/wp-content/uploads/2024/01/Metal-Beaded-Jewel-Case-1b.jpg?v=1757248474,
3555,Wooden Jewelry Box (Large),,1950.0,2500.0,1950.0,PKR,True,Classy Jewelry Boxes,https://sindhhandicrafts.com/product/wooden-jewelry-box-designs/,,"Wooden Jewelry Box Designs Lacquer Art Single compartment Size: 5 x 8 inches Disclaimer– Due to difference in screen settings across devices as well as photographic lighting sources, actual colors of the product might slightly vary compared to how they are visible on your screen.",https://sindhhandicrafts.com/wp-content/uploads/2024/01/Jewelry-Box-21a.jpg?v=1759692034 | https://sindhhandicrafts.com/wp-content/uploads/2024/01/Jewelry-Box-12b.jpg?v=1757448320,
3554,Wooden Jewelry Box (Large),,1950.0,2500.0,1950.0,PKR,True,Classy Jewelry Boxes,https://sindhhandicrafts.com/product/fancy-jewelry-boxes/,,"Fancy Jewelry Boxes at our store Lacquer Art Single compartment Size: 5 x 8 inches Disclaimer– Due to difference in screen settings across devices as well as photographic lighting sources, actual colors of the product might slightly vary compared to how they are visible on your screen.",https://sindhhandicrafts.com/wp-content/uploads/2024/01/Jewelry-Box-18a.jpg?v=1759691926 | https://sindhhandicrafts.com/wp-content/uploads/2024/01/Jewelry-Box-11b.jpg?v=1757448312,
3552,Wooden Jewelry Box (Medium),,1200.0,1500.0,1200.0,PKR,True,Classy Jewelry Boxes,https://sindhhandicrafts.com/product/jewelry-box-design/,,"Traditional Jewelry Box Design Lacquer Art Single compartment Size: Width 4″,Length 6″ Disclaimer– Due to difference in screen settings across devices as well as photographic lighting sources, actual colors of the product might slightly vary compared to how they are visible on your screen.",https://sindhhandicrafts.com/wp-content/uploads/2024/01/Jewelry-Box-14a.jpg?v=1757447459 | https://sindhhandicrafts.com/wp-content/uploads/2024/01/Jewelry-Box-14b.jpg?v=1757447463,
3543,Wooden Jewelry Box (Medium),,1200.0,1500.0,1200.0,PKR,True,Classy Jewelry Boxes,https://sindhhandicrafts.com/product/classy-jewelry-box/,,"Classy Jewelry Box Lacquer Art Single compartment Size: Width 4″,Length 6″ Disclaimer– Due to difference in screen settings across devices as well as photographic lighting sources, actual colors of the product might slightly vary compared to how they are visible on your screen.",https://sindhhandicrafts.com/wp-content/uploads/2024/01/Jewelry-Box-15a.jpg?v=1757447466 | https://sindhhandicrafts.com/wp-content/uploads/2024/01/Jewelry-Box-15b.jpg?v=1757447470,
3522,Wooden Jewelry Box (Medium),,1200.0,1500.0,1200.0,PKR,False,Classy Jewelry Boxes,https://sindhhandicrafts.com/product/jewellery-box-online/,,"Wooden Jewellery Box Online Lacquer Art Single compartment Size: Width 4″,Length 6″ Disclaimer– Due to difference in screen settings across devices as well as photographic lighting sources, actual colors of the product might slightly vary compared to how they are visible on your screen.",https://sindhhandicrafts.com/wp-content/uploads/2024/01/Jewelry-Box-16a.jpg?v=1757447473 | https://sindhhandicrafts.com/wp-content/uploads/2024/01/Jewelry-Box-16b.jpg?v=1757447476,
8141,Crochet Tea Coaster Set (Handmade),,1250.0,1700.0,1250.0,PKR,True,Home Decor,https://sindhhandicrafts.com/product/handmade-tea-coaster/,,"Handmade Tea Coaster set Number of Pieces- 4 per set Handcrafted Design Crochet Thread Work Art Shape: Square Disclaimer– Due to difference in screen settings across devices as well as photographic lighting sources, actual colors of the product might slightly vary compared to how they are visible on your screen.",https://sindhhandicrafts.com/wp-content/uploads/2026/06/Crochet-Tea-Coaster-set-2a.jpg?v=1780815903 | https://sindhhandicrafts.com/wp-content/uploads/2026/06/Crochet-Tea-Coaster-set-2b.jpg?v=1780815907,
8140,Crochet Tea Coaster Set (Handmade),,1250.0,1700.0,1250.0,PKR,True,Home Decor,https://sindhhandicrafts.com/product/crochet-tea-coaster/,,"Crochet Tea Coaster set Number of Pieces- 4 per set Handcrafted Design Crochet Thread Work Art Shape: Square Disclaimer– Due to difference in screen settings across devices as well as photographic lighting sources, actual colors of the product might slightly vary compared to how they are visible on your screen.",https://sindhhandicrafts.com/wp-content/uploads/2026/06/Crochet-Tea-Coaster-set-1a.jpg?v=1780815805 | https://sindhhandicrafts.com/wp-content/uploads/2026/06/Crochet-Tea-Coaster-set-1b.jpg?v=1780815809,
7833,Traditional Print Tea Coaster Set,,1250.0,1700.0,1250.0,PKR,True,Home Decor,https://sindhhandicrafts.com/product/tea-coaster-online/,,"Classic Tea Coaster Online Number of Pieces- 6 per set Traditional Print Table Decoration & Accessories Type: Mats & Pads Style: Ancient Art Design theme: Flowers series Material: Ply Wood Shape: Round Disclaimer– Due to difference in screen settings across devices as well as photographic lighting sources, actual colors of the product might slightly vary compared to how they are visible on your screen.",https://sindhhandicrafts.com/wp-content/uploads/2024/02/Tea-Coaster-6a.jpg?v=1771951643,
5626,5 piece Aari Work Embroidery Cushion Covers,,2450.0,3000.0,2450.0,PKR,True,Home Decor,https://sindhhandicrafts.com/product/sindhi-cushion-covers/,,"Sindhi Cushion Covers with Traditional Embroidery Number of Pieces- 5 per set Size(Approx) – LxW = 15 x 15 inches Stuff: Cotton Embroidery Type- Aari Embroidered with Sitara Work Disclaimer– Due to difference in screen settings across devices as well as photographic lighting sources, actual colors of the product might slightly vary compared to how they are visible on your screen",https://sindhhandicrafts.com/wp-content/uploads/2025/03/5pc-Cushion-Cover-6.jpg?v=1741105254,
5625,5 piece Aari Work Embroidery Cushion Covers,,2450.0,3000.0,2450.0,PKR,True,Home Decor,https://sindhhandicrafts.com/product/sofa-cushion-covers/,,"Sofa Cushion Covers with Traditional Embroidery Number of Pieces- 5 per set Size(Approx) – LxW = 15 x 15 inches Stuff: Cotton Embroidery Type- Aari Embroidered with Sitara Work Disclaimer– Due to difference in screen settings across devices as well as photographic lighting sources, actual colors of the product might slightly vary compared to how they are visible on your screen",https://sindhhandicrafts.com/wp-content/uploads/2025/03/5pc-Cushion-Cover-7.jpg?v=1741105261,
3627,Traditional Print Tea Coaster Set,,1250.0,1700.0,1250.0,PKR,True,Home Decor,https://sindhhandicrafts.com/product/tea-coaster-set/,,"Tea Coaster set Number of Pieces- 6 per set Traditional Print Table Decoration & Accessories Type: Mats & Pads Style: Ancient Art Design theme: Flowers series Material: Ply Wood Shape: Round Disclaimer– Due to difference in screen settings across devices as well as photographic lighting sources, actual colors of the product might slightly vary compared to how they are visible on your screen.",https://sindhhandicrafts.com/wp-content/uploads/2024/02/Tea-Coaster-8a.jpg?v=1771951660,
3626,Traditional Print Tea Coaster Set,,1250.0,1700.0,1250.0,PKR,True,Home Decor,https://sindhhandicrafts.com/product/tea-coaster-design/,,"Sindhi Tea Coaster Design Number of Pieces- 8 per set Traditional Print Table Decoration & Accessories Type: Mats & Pads Style: Ancient Art Design theme: Flowers series Material: Ply Wood Shape: Round Disclaimer– Due to difference in screen settings across devices as well as photographic lighting sources, actual colors of the product might slightly vary compared to how they are visible on your screen.",https://sindhhandicrafts.com/wp-content/uploads/2024/02/Tea-Coaster-7a.jpg?v=1771951653,
3625,Hand Painted Tea Coaster Set,,1450.0,2000.0,1450.0,PKR,True,Home Decor,https://sindhhandicrafts.com/product/tea-coaster/,,"Tea Coaster Number of Pieces- 7 per set Fully Hand Painted Table Decoration & Accessories Type: Mats & Pads Style: Creative & Hand Painted Design theme: Flowers series Material: Wood Shape: Round Disclaimer– Due to difference in screen settings across devices as well as photographic lighting sources, actual colors of the product might slightly vary compared to how they are visible on your screen.",https://sindhhandicrafts.com/wp-content/uploads/2024/02/Tea-Coaster-9.jpg?v=1772251563,
3619,Pair of Handmade Fancy Wind Chimes,,1550.0,2000.0,1550.0,PKR,True,Home Decor,https://sindhhandicrafts.com/product/wind-chimes-online-shopping-in-pakistan/,,"Colorful Wind Chimes Online Shopping in Pakistan Number of Pieces- 2 per set Fully Hand Embroidery Beads on string- Steel bell in bottom Cylindrical hard cloth bucket covered with hand embroidery.- Wooden bucket caps (A set of 2 Pieces) Disclaimer– Due to difference in screen settings across devices as well as photographic lighting sources, actual colors of the product might slightly vary compared to how they are visible on your screen.",https://sindhhandicrafts.com/wp-content/uploads/2024/02/Wall-Hanging-1b.jpg?v=1730258552 | https://sindhhandicrafts.com/wp-content/uploads/2024/02/Wall-Hanging-1a.jpg?v=1730258549,
3620,Pair of Handmade Fancy Wind Chimes,,1550.0,2000.0,1550.0,PKR,True,Home Decor,https://sindhhandicrafts.com/product/wind-chimes/,,"Colorful Wind Chimes Number of Pieces- 2 per set Fully Hand Embroidery Beads on string- Steel bell in bottom Cylindrical hard cloth bucket covered with hand embroidery.- Wooden bucket caps (A set of 2 Pieces) Disclaimer– Due to difference in screen settings across devices as well as photographic lighting sources, actual colors of the product might slightly vary compared to how they are visible on your screen.",https://sindhhandicrafts.com/wp-content/uploads/2024/02/Wall-Hanging-2b.jpg?v=1730258558 | https://sindhhandicrafts.com/wp-content/uploads/2024/02/Wall-Hanging-2a.jpg?v=1730258555,
7648,Embroidered Ladies Purse,,490.0,750.0,490.0,PKR,False,"Trendy Bags, Clutches, Purses &amp; Wallets for women",https://sindhhandicrafts.com/product/embroidery-purse-designs/,,"Sindhi Embroidery Purse Designs for Women 1 Zipper inside Easy to Carry Good idea for Gifts, Birthdays and Wedding etc. Size: 8 ×4 inches Disclaimer– Due to difference in screen settings across devices as well as photographic lighting sources, actual colors of the product might slightly vary compared to how they are visible on your screen.",https://sindhhandicrafts.com/wp-content/uploads/2024/03/Ladies-Purse-49.jpg?v=1766297665,
7647,Embroidered Ladies Purse,,490.0,750.0,490.0,PKR,True,"Trendy Bags, Clutches, Purses &amp; Wallets for women",https://sindhhandicrafts.com/product/traditional-purse-for-women/,,"Traditional Purse for Women 1 Zipper inside Easy to Carry Good idea for Gifts, Birthdays and Wedding etc. Size: 8 ×4 inches Disclaimer– Due to difference in screen settings across devices as well as photographic lighting sources, actual colors of the product might slightly vary compared to how they are visible on your screen.",https://sindhhandicrafts.com/wp-content/uploads/2024/03/Ladies-Purse-50.jpg?v=1766297668,
6491,Hand Embroidered Ladies Wallet,,390.0,650.0,390.0,PKR,False,"Trendy Bags, Clutches, Purses &amp; Wallets for women",https://sindhhandicrafts.com/product/wallet-for-girls/,,"Hand Embroidered Wallet for Girls Multi-Color Embroidered Design 2 Zipper Compartment with External Multi-Color Embroidered Design Easy to Carry Good idea for Gifts, Birthdays and Wedding etc. Size: 8 ×4 inches Disclaimer– Due to difference in screen settings across devices as well as photographic lighting sources, actual colors of the product might slightly vary compared to how they are visible on your screen.",https://sindhhandicrafts.com/wp-content/uploads/2025/02/Wallet-57a.jpg?v=1752176670 | https://sindhhandicrafts.com/wp-content/uploads/2025/02/Wallet-57b.jpg?v=1752176675,
6490,Hand Embroidered Ladies Wallet,,390.0,650.0,390.0,PKR,False,"Trendy Bags, Clutches, Purses &amp; Wallets for women",https://sindhhandicrafts.com/product/balochi-wallet/,,"Hand Embroidered Balochi Wallet for Ladies Multi-Color Embroidered Design 2 Zipper Compartment with External Multi-Color Embroidered Design Easy to Carry Good idea for Gifts, Birthdays and Wedding etc. Size: 8 ×4 inches Disclaimer– Due to difference in screen settings across devices as well as photographic lighting sources, actual colors of the product might slightly vary compared to how they are visible on your screen.",https://sindhhandicrafts.com/wp-content/uploads/2025/02/Wallet-56a.jpg?v=1752176657 | https://sindhhandicrafts.com/wp-content/uploads/2025/02/Wallet-56b.jpg?v=1752176662,
6489,Hand Embroidered Ladies Wallet,,390.0,650.0,390.0,PKR,True,"Trendy Bags, Clutches, Purses &amp; Wallets for women",https://sindhhandicrafts.com/product/sindhi-wallet/,,"Hand Embroidered Sindhi Wallet for Ladies Multi-Color Embroidered Design 2 Zipper Compartment with External Multi-Color Embroidered Design Easy to Carry Good idea for Gifts, Birthdays and Wedding etc. Size: 8 ×4 inches Disclaimer– Due to difference in screen settings across devices as well as photographic lighting sources, actual colors of the product might slightly vary compared to how they are visible on your screen.",https://sindhhandicrafts.com/wp-content/uploads/2025/02/Wallet-55a.jpg?v=1752176646 | https://sindhhandicrafts.com/wp-content/uploads/2025/02/Wallet-55b.jpg?v=1752176652,
6384,Crochet Handbag (Handmade),,4800.0,6000.0,4800.0,PKR,True,"Trendy Bags, Clutches, Purses &amp; Wallets for women",https://sindhhandicrafts.com/product/crochet-bag-design/,,"Classic Crochet Bag Design for Women Beautiful Handmade Design Large Capacity Tote with Floral Embroidery Lightweight Polyester with Floral Pattern Perfect for Daily, Casual Use Size approx: 12 inch Width, 11 inch Length Disclaimer– Due to difference in screen settings across devices as well as photographic lighting sources, actual colors of the product might slightly vary compared to how they are visible on your screen.",https://sindhhandicrafts.com/wp-content/uploads/2025/06/Crochet-Bag-2a.jpg?v=1749639917 | https://sindhhandicrafts.com/wp-content/uploads/2025/06/Crochet-Bag-2b.jpg?v=1749639923,
6383,Crochet Handbag (Handmade),,4800.0,6000.0,4800.0,PKR,True,"Trendy Bags, Clutches, Purses &amp; Wallets for women",https://sindhhandicrafts.com/product/crochet-bag/,,"Elegant Crochet Bag for Women Beautiful Handmade Design Large Capacity Tote with Floral Embroidery Lightweight Polyester with Floral Pattern Perfect for Daily, Casual Use Size approx: 12 inch Width, 11 inch Length Disclaimer– Due to difference in screen settings across devices as well as photographic lighting sources, actual colors of the product might slightly vary compared to how they are visible on your screen.",https://sindhhandicrafts.com/wp-content/uploads/2025/06/Crochet-Bag-1a.jpg?v=1749639904 | https://sindhhandicrafts.com/wp-content/uploads/2025/06/Crochet-Bag-1b.jpg?v=1749639911,
6164,D Shape Embroidered Clutch,,390.0,650.0,390.0,PKR,True,"Trendy Bags, Clutches, Purses &amp; Wallets for women",https://sindhhandicrafts.com/product/embroidered-clutch/,,"Embroidered Clutch for Girls Multi-Color Embroidered Design Outer material is made up of multicolored thread work with faux mirrors Inner material is of non woven stuff with zipper Disclaimer– Due to difference in screen settings across devices as well as photographic lighting sources, actual colors of the product might slightly vary compared to how they are visible on your screen.",https://sindhhandicrafts.com/wp-content/uploads/2024/03/Clutch-20.jpg?v=1746903101,
6157,Embroidered Ladies Purse,,490.0,750.0,490.0,PKR,False,"Trendy Bags, Clutches, Purses &amp; Wallets for women",https://sindhhandicrafts.com/product/hand-purse-for-women/,,"Unique Hand Purse For Women 1 Zipper inside Easy to Carry Good idea for Gifts, Birthdays and Wedding etc. Size: 8 ×4 inches Disclaimer– Due to difference in screen settings across devices as well as photographic lighting sources, actual colors of the product might slightly vary compared to how they are visible on your screen.",https://sindhhandicrafts.com/wp-content/uploads/2024/03/Ladies-Purse-53.jpg?v=1766297679,
6140,Colorful Embroidered Purse for Girls,,390.0,650.0,390.0,PKR,False,"Trendy Bags, Clutches, Purses &amp; Wallets for women",https://sindhhandicrafts.com/product/kids-purse-design/,,"Glowing Kids Purse Design Ideal for use birthday parties, wedding functions and festivals like Eid Size (Approx): 6″ x 6.5″ With Shoulder Strap This Product is Machine stitched Disclaimer– Due to difference in screen settings across devices as well as photographic lighting sources, actual colors of the product might slightly vary compared to how they are visible on your screen.",https://sindhhandicrafts.com/wp-content/uploads/2025/05/kids-purse-16.jpg?v=1746465315,
